漢字,羅馬字,建議順序,類型
九,Káu,1,
八,Pat,1,
八,Peh,2,
八,Pueh,3,
力,La̍t,1,
三,Sann,1,
上,Tsiūnn,1,
上,Tsiōnn,2,
下,Hā,1,
千,Tshian,1,
千,Tshing,2,
于,U,1,
于,I,2,
大,Tuā,1,
小,Siáu,1,
小,Sió,2,
山,San,1,
工,Kong,1,
工,Kang,2,
中,Tiong,1,
五,Ngóo,1,
五,Gōo,2,
內,Luē,1,
公,Kang,1,
午,Ngóo,1,
午,Gōo,2,
天,Thian,1,
天,Thinn,2,
方,Png,1,
方,Puinn,2,
月,Gue̍h,1,
月,Ge̍h,2,
木,Ba̍k,1,
毛,Môo,1,
水,Tsuí,1,
牙,Gê,1,
世,Sì,1,
代,Tāi,1,
加,Ka,1,
加,Ke,2,
可,Khó,1,
可,Khuá,2,
央,Iang,1,
央,Iong,2,
央,Ng,3,
平,Pîng,1,
本,Pún,1,
本,Pńg,2,
正,Tsiànn,1,
母,Bió,1,
母,Bóo,2,
玉,Gio̍k,1,
生,Tshenn,1,
生,Tshinn,2,
白,Pe̍h,1,
皮,Phuê,1,
皮,Phê,2,
目,Ba̍k,1,
石,Tsio̍h,1,
先,Sing,1,
光,Kng,1,
光,Kuinn,2,
全,Tsn̂g,1,
全,Tsuînn,2,
合,Ha̍p,1,
同,Tông,1,
同,Tâng,2,
名,Miâ,1,
向,Hiòng,1,
向,Ànn,2,
向,Hiàng,3,
守,Siù,1,
安,An,1,
安,Uann,2,
年,Liân,1,
成,Tshiânn,1,
有,Ū,1,
老,Lāu,1,
艾,Ngāi,1,
艾,Gāi,2,
艾,Hiānn,3,
衣,I,1,
西,Sai,1,
何,Hô,1,
佛,Hu̍t,1,
別,Piat,1,
利,Lī,1,
利,Lāi,2,
孝,Hà,1,
扶,Hû,1,
折,Tsiat,1,
折,Tsik,2,
折,Tsi̍h,3,
見,Kìnn,1,
初,Tshe,1,
初,Tshue,2,
呼,Hoo,1,
和,Huê,1,
和,Hê,2,
奇,Kî,1,
官,Kuann,1,
定,Tīng,1,
定,Tiānn,2,
庚,Kenn,1,
庚,Kinn,2,
性,Sènn,1,
性,Sìnn,2,
房,Pâng,1,
承,Sânn,1,台日
承,Sîng,2,甘
招,Tsio,1,
東,Tong,1,
東,Tang,2,
林,Lîm,1,
果,Kó,1,
果,Kóo,2,
知,Ti,1,
花,Hua,1,
表,Pió,1,
長,Tn̂g,1,
門,Bûn,1,
門,Mn̂g,2,
門,Muî,3,
雨,Ú,1,
雨,Hōo,2,
雨,Í,3,
青,Tshenn,1,
青,Tshinn,2,
城,Siânn,1,
封,Hong,1,
思,Su,1,
星,Tshenn,1,
星,Tshinn,2,
毒,To̍k,1,
泉,Tsuânn,1,
相,Siùnn,1,
相,Siònn,2,
眉,Bâi,1,
紅,Hông,1,
計,Kè,1,
郎,Lông,1,
郎,Nn̂g,2,
重,Tiông,1,
重,Tîng,2,
飛,Hui,1,
飛,Pue,2,
飛,Pe,3,
值,Ti̍t,1,
值,Ta̍t,2,
凍,Tòng,1,
員,Ūn,1,
夏,Hē,1,
夏,Hā,2,
宮,King,1,
家,Ke,1,
師,Su,1,
恩,Un,1,
恩,In,2,
書,Su,1,
書,Tsu,2,
書,Si,3,
桃,Thô,1,
留,Lâu,1,
草,Tsháu,1,
陣,Tsūn,1,
陣,Tīn,2,
馬,Má,1,
馬,Bé,2,
乾,Khiân,1,
假,Ká,1,
假,Ké,2,
唱,Tshiàng,1,
唱,Tshiòng,2,
唱,Tshiùnn,3,
得,Tik,1,
得,Tit,2,
從,Tsiông,1,
接,Tsih,1,
教,Kàu,1,
教,Kà,2,
望,Bōng,1,
淺,Tshián,1,
清,Tshinn,1,
疏,Soo,1,
章,Tsiunn,1,
章,Tsiong,2,
章,Tsiang,3,
章,Tsionn,4,
脫,Thuat,1,
連,Liân,1,
陰,Iam,1,
雪,Suat,1,
掌,Tsiúnn,1,
掌,Tsiónn,2,
棟,Tòng,1,
棟,Tàng,2,
發,Huat,1,
童,Tâng,1,
童,Tông,2,
結,Kiat,1,
結,Kat,2,
菊,Kiok,1,
菊,Kak,2,
買,Bé,1,
買,Bué,2,
開,Khui,1,
間,Kan,1,
陽,Iûnn,1,
陽,Iônn,2,
傳,Tuān,1,
歲,Suè,1,
歲,Huè,2,
歲,Hè,3,
節,Tsiat,1,
節,Tsat,2,
節,Tseh,3,
節,Tsueh,4,
經,King,1,
落,Làu,1,
解,Kè,1,
解,Kuè,2,
運,Ūn,1,
過,Kò,1,
過,Kòo,2,
歌,Ko,1,
歌,Kua,2,
歌,Koo,3,
滿,Muá,1,
種,Tsióng,1,
種,Tsíng,2,
管,Kuán,1,
管,Kńg,2,
管,Kuínn,3,
網,Bóng,1,
網,Bāng,2,
蓋,Kài,1,
遠,Uān,1,
廣,Kńg,1,
廣,Kuínn,2,
標,Piau,1,
標,Phiau,2,
標,Pio,3,
賞,Siúnn,1,
賞,Siónn,2,
養,Iúnn,1,
養,Iónn,2,
學,O̍h,1,
操,Tshau,1,
磨,Bō,1,
磨,Môo,2,
磨,Buâ,3,
靜,Tsīng,1,
靜,Tsēnn,2,
靜,Tsīnn,3,
龍,Lîng,1,
營,Iânn,1,
總,Tsóng,1,
總,Tsáng,2,
謝,Siā,1,
謝,Tsiā,2,
霜,Sng,1,
齋,Tsai,1,
齋,Tse,2,
鬆,Song,1,
鬆,Sang,2,
邊,Pinn,1,
關,Kuan,1,
籠,Lông,1,
讀,Tha̍k,1,
久,Kiú,1,
久,Kú,2,
弓,King,1,
井,Tsénn,1,
井,Tsínn,2,
今,Kim,1,
孔,Khóng,1,
少,Siàu,1,
支,Ki,1,
斗,Tóo,1,
斗,Táu,2,
斗,Tió,3,
火,Hué,1,
火,Hé,2,
牛,Gû,1,
丘,Khu,1,
丙,Píng,1,
丙,Piánn,2,
冬,Tong,1,
北,Pok,1,
北,Pak,2,
史,Sú,1,
史,Sái,2,
司,Su,1,
司,Si,2,
巧,Kháu,1,
巧,Khá,2,
巧,Khiáu,3,
旦,Tàn,1,
旦,Tuànn,2,
末,Bua̍h,1,
瓜,Kua,1,
瓜,Kue,2,
瓦,Uá,1,
瓦,Hiā,2,
瓦,Huā,3,
甲,Kah,1,
后,Hiō,1,
后,Hōo,2,
曲,Khiau,1,
汗,Hān,1,
百,Ah,1,
竹,Tiok,1,
羊,Iûnn,1,
羊,Iônn,2,
行,Hīng,1,
伯,Pik,1,
含,Hâm,1,
呂,Lī,1,
呂,Lū,2,
坊,Hng,1,
把,Pé,1,
更,King,1,
更,Kenn,2,
更,Kinn,3,
沙,Sua,1,
芒,Bâng,1,
赤,Tshiah,1,
車,Ki,1,
車,Ku,2,
侍,Sū,1,
侍,Sāi,2,
侍,Sī,3,
具,Khū,1,
卓,Toh,1,
叔,Tsik,1,
坪,Phîng,1,
坪,Pênn,2,
坪,Pînn,3,
坪,Phiânn,4,
坪,Pîng,5,
尚,Siōng,1,
尚,Siāng,2,
居,Ku,1,
居,Ki,2,
岩,Giâm,1,
岩,Gâm,2,
岸,Gān,1,
岸,Huānn,2,
拔,Pua̍t,1,
拔,Pue̍h,2,
拔,Pui̍h,3,
明,Bîng,1,
明,Mê,2,
易,Ia̍h,1,
松,Siông,1,
芙,Hû,1,
芙,Phû,2,
芳,Phang,1,
阿,O,1,
阿,Oo,2,
侯,Hâu,1,
侯,Kâu,2,
促,Tshiok,1,
促,Tshik,2,
俄,Ngôo,1,
俄,Gô,2,
厚,Kāu,1,
姚,Iâu,1,
姜,Khiong,1,
姜,Kiang,2,
姜,Khiunn,3,
姜,Khiang,4,
後,Āu,1,
柏,Peh,1,
段,Tuān,1,
洋,Iûnn,1,
洋,Iônn,2,
津,Tsin,1,
津,Tin,2,
洪,Âng,1,
珍,Tin,1,
砂,Se,1,
砂,Sua,2,
砂,Sa,3,
胡,Ôo,1,
若,Jio̍k,1,
若,Lio̍k,2,
若,Gio̍k,3,
茅,Hm̂,1,
香,Hiunn,1,
香,Hionn,2,
倉,Tshong,1,
倚,Uá,1,
唐,Tn̂g,1,
唐,Tông,2,
庭,Tiânn,1,
息,Sik,1,
息,Sit,2,
振,Tsín,1,
振,Tín,2,
晏,Àn,1,
朗,Lóng,1,
栗,La̍t,1,
格,Keh,1,
桐,Thâng,1,
桑,Song,1,
殷,Un,1,
殷,In,2,
浮,Phû,1,
涂,Thôo,1,
涂,Tôo,2,
益,Iah,1,
秧,Iang,1,
秧,Iong,2,
秧,Ng,3,
紗,Sa,1,
紗,Se,2,
索,Sik,1,
索,Soh,2,
翁,Ong,1,
翁,Ang,2,
荒,Hng,1,
荒,Huinn,2,
軒,Hian,1,
軒,Ian,2,
送,Sòng,1,
送,Sàng,2,
鬥,Tàu,1,
問,Mn̄g,1,
問,Muī,2,
基,Ki,1,
宿,Siù,1,
密,Ba̍t,1,
崗,Kong,1,
崗,Kang,2,
康,Khng,1,
張,Tiunn,1,
張,Tionn,2,
掃,Sò,1,
掃,Sàu,2,
掃,Sòo,3,
晚,Buán,1,
晚,Mńg,2,
晚,Muí,3,
晝,Tiù,1,
梅,Muî,1,
梨,Lê,1,
梨,Lâi,2,
涵,Hâm,1,
涵,Âm,2,
淡,Tām,1,
笛,Ti̍k,1,
笛,Ta̍t,2,
舵,Tāi,1,
舵,Tō,2,
舵,Tuā,3,
莊,Tsng,1,
許,Khóo,1,
軟,Luán,1,
軟,Nńg,2,
軟,Nuí,3,
透,Thò,1,
透,Thàu,2,
透,Thiò,3,
郭,Kueh,1,
郭,Keh,2,
都,Too,1,
陳,Tân,1,
陸,Lio̍k,1,
魚,Hî,1,
魚,Hû,2,
麻,Muâ,1,
麻,Mâu,2,
傅,Pòo,1,
傘,Sàn,1,
傘,Suànn,2,
單,Tan,1,
單,Tuann,2,
單,Siān,3,
富,Pù,1,
寒,Hân,1,
寒,Kuânn,2,
尋,Jîm,1,
尋,Tsîm,2,
幾,Ki,1,
彭,Phênn,1,
彭,Phînn,2,
晴,Tsîng,1,
晴,Tsênn,2,
晴,Tsînn,3,
曾,Tsan,1,
棉,Biân,1,
棉,Mî,2,
湯,Thng,1,
程,Thiânn,1,
答,Tap,1,
粟,Tshik,1,
舒,Su,1,
舒,Si,2,
超,Tshiau,1,
鄉,Hiong,1,
鄉,Hiang,2,
雅,Ngá,1,
雅,Ngé,2,
黃,N̂g,1,
黃,Uînn,2,
塗,Tôo,1,
塗,Thôo,2,
塘,Tông,1,
塘,Tn̂g,2,
搭,Tap,1,
搭,Tah,2,
楊,Iûnn,1,
楊,Iônn,2,
楓,Hong,1,
楓,Png,2,
當,Tann,1,
聖,Siànn,1,
腰,Iau,1,
腰,Io,2,
葛,Kuah,1,台日打
葛,Kat,2,十
董,Táng,1,
零,Lân,1,
頓,Tǹg,1,
頓,Tuìnn,2,
飽,Pá,1,
瑪,Má,1,
瑪,Bé,2,
監,Kàm,1,
睡,Suī,1,
睡,Tsuē,2,
睡,Tsē,3,
端,Tuann,1,
酸,Suan,1,
酸,Sng,2,
酸,Suinn,3,
厲,Lē,1,
墨,Ba̍k,1,
寬,Khuann,1,
撒,Sat,1,
暴,Pā,1,
樟,Tsiong,1,
樟,Tsiunn,2,
樟,Tsiang,3,
樟,Tsionn,4,
歐,Au,1,
潘,Phuann,1,
盤,Puân,1,
盤,Phuân,2,
盤,Puânn,3,
範,Huān,1,
鄭,Tēnn,1,
鄭,Tīnn,2,
憑,Pîn,1,
樸,Phok,1,
樹,Tshiū,1,
橋,Kiô,1,
機,Ki,1,
機,Kui,2,
橫,Hîng,1,
橫,Huâinn,2,
橫,Huînn,3,
燕,Ian,1,
獨,Ta̍k,1,
蕭,Siau,1,
蕭,Sio,2,
賴,Luā,1,
錢,Tsînn,1,
錫,Siah,1,
頭,Thiô,1,
頭,Thôo,2,
頭,Thâu,3,
嶺,Líng,1,
嶺,Niá,2,
應,Ing,1,
應,Ìng,2,
戴,Tè,1,
檀,Thiânn,1,
爵,Tsiok,1,
爵,Tsiak,2,
環,Khuân,1,
糠,Khong,1,
糠,Khng,2,
翼,I̍k,1,
薄,Po̍k,1,
賽,Sài,1,
賽,Sè,2,
鍾,Tsing,1,
鍾,Tsiong,2,
霞,Hâ,1,
霞,Hê,2,
鮮,Sian,1,
叢,Tsâng,1,
舊,Kū,1,
藍,Nâ,1,
豐,Hong,1,
瓊,Khiông,1,
瓊,Khîng,2,
繩,Sîng,1,
繩,Tsîn,2,
藤,Tîng,1,
藤,Tîn,2,
藩,Phuan,1,
藩,Huan,2,
蟻,Gí,1,
蟻,Hiā,2,
籃,Nâ,1,
贏,Îng,1,
鐵,Thih,1,
鶴,Ho̍h,1,
糴,Tô,1,
讓,Jiōng,1,
讓,Liōng,2,
讓,Niū,3,
讓,Giōng,4,
讓,Niōo,5,
一,Tsi̍t,1,
乙,It,1,
丁,Ting,1,
七,Tshit,1,
了,Liáu,1,
人,Jîn,1,
人,Lîn,2,
人,Gîn,3,
入,Ji̍p,1,
入,Li̍p,2,
入,Gi̍p,3,
刀,To,1,
刁,Tiau,1,
卜,Poh,1,
丸,Uân,1,
丸,Huân,2,
么,Io,1,
也,Iá,1,
凡,Huân,1,
凡,Huān,2,
土,Tōo,1,
士,Sū,1,
寸,Tshùn,1,
干,Kan,1,
才,Tsâi,1,
不,Put,1,
丑,Thiú,1,
丹,Tan,1,
仁,Jîn,1,
仁,Lîn,2,
仁,Gîn,3,
仇,Siû,1,
仇,Kiû,2,
允,Ún,1,
允,Ín,2,
勾,Kau,1,
化,Huà,1,
化,Huè,2,
厄,Eh,1,
厄,Ik,2,
友,Iú,1,
壬,Jîm,1,
壬,Lîm,2,
壬,Gîm,3,
太,Thài,1,
夫,Hu,1,
引,Ín,1,
心,Sim,1,
戶,Hōo,1,
文,Bûn,1,
日,Ji̍t,1,
日,Li̍t,2,
日,Gi̍t,3,
比,Pí,1,
王,Ông,1,
乎,Hoo,1,
仕,Sū,1,
付,Hù,1,
仙,Sian,1,
令,Lîng,1,
以,Í,1,
出,Tshut,1,
包,Pau,1,
包,Pâu,2,
卌,Siap,1,
卌,Siak,2,
占,Tsiàm,1,
占,Tsiam,2,
卯,Báu,1,
古,Kóo,1,
句,Kù,1,
台,Thai,1,
布,Pòo,1,
打,Tánn,1,
甘,Kam,1,
由,Iû,1,
申,Sin,1,
示,Kî,1,
立,Li̍p,1,
亦,Ia̍h,1,
任,Jîm,1,
任,Līm,2,
任,Jīm,3,
任,Lîm,4,
任,Gîm,5,
任,Gīm,6,
伊,I,1,
兆,Tiāu,1,
兆,Tiō,2,
刑,Hîng,1,
列,Li̍h,1,
印,Ìn,1,
吉,Kiat,1,
回,Huê,1,
回,Hê,2,
因,In,1,
多,To,1,
多,Too,2,
如,Jû,1,
如,Lû,2,
如,Jî,3,
字,Jī,1,
字,Lī,2,
字,Gī,3,
庄,Tsng,1,
朱,Tsu,1,
次,Tshù,1,
江,Kang,1,
池,Tî,1,
米,Bí,1,
考,Khó,1,
考,Khónn,2,
臣,Sîn,1,
自,Tsū,1,
佈,Pòo,1,
位,Uī,1,
克,Khik,1,
兵,Ping,1,
冷,Líng,1,
君,Kun,1,
吼,Háu,1,
吼,Hóo,2,
吼,Hió,3,
坎,Khám,1,
夾,Kiap,1,
妙,Biāu,1,
宋,Sòng,1,
宋,Sàng,2,
完,Uân,1,
尾,Bué,1,
尾,Bé,2,
局,Kio̍k,1,
局,Ki̍k,2,
志,Tsì,1,
抄,Tshau,1,
改,Ké,1,
改,Kué,2,
李,Lí,1,
村,Tshun,1,
束,Sok,1,
步,Pōo,1,
每,Muí,1,
求,Kiû,1,
沃,Ak,1,
罕,Hán,1,
角,Kak,1,
言,Giân,1,
言,Gân,2,
豆,Tāu,1,
辛,Sin,1,
辰,Sîn,1,
里,Lí,1,
來,Lâi,1,
制,Tsè,1,
制,Tsì,2,
刺,Tshì,1,
刺,Tshiah,2,
取,Tshú,1,
取,Tshí,2,
受,Siū,1,
味,Bī,1,
妹,Muī,1,
姑,Koo,1,
季,Kuì,1,
屈,Khut,1,
帕,Phè,1,
帖,Thiap,1,
幸,Hīng,1,
底,Té,1,
底,Tué,2,
府,Hú,1,
延,Iân,1,
忠,Tiong,1,
念,Liām,1,
所,Sóo,1,
所,Sé,2,
拖,Thua,1,
旺,Ōng,1,
服,Ho̍k,1,
杮,Phuè,1,
杮,Phè,2,
杮,Huì,3,
板,Pán,1,
枋,Pang,1,
武,Bú,1,
河,Hô,1,
油,Iû,1,
治,Tī,1,
法,Huat,1,
波,Pho,1,
波,Po,2,
炎,Iām,1,
社,Siā,1,
者,Tsiá,1,
肯,Khíng,1,
虎,Hóo,1,
近,Kīn,1,
近,Kūn,2,
金,Kim,1,
非,Hui,1,
保,Pó,1,
保,Póo,2,
信,Sìn,1,
冠,Kuan,1,
勇,Ióng,1,
南,Lâm,1,
卻,Khiok,1,
哀,Ai,1,
哈,Gap,1,
奕,I̍k,1,
巷,Hāng,1,
帝,Tè,1,
度,Tōo,1,
律,Lu̍t,1,
拜,Pài,1,
施,Si,1,
春,Tshun,1,
是,Sī,1,
柑,Kam,1,
查,Tsa,1,
查,Tse,2,
洒,Sè,1,
洒,Sá,2,
洗,Sé,1,
洗,Sué,2,
皆,Kai,1,
盆,Phûn,1,
省,Síng,1,
省,Sénn,2,
秋,Tshiu,1,
科,Kho,1,
科,Khe,2,
科,Khoo,3,
約,Iok,1,
約,Ioh,2,
美,Bí,1,
耐,Nāi,1,
苦,Khóo,1,
衫,Sann,1,
衫,Sam,2,
降,Kàng,1,
革,Kik,1,
風,Hong,1,
修,Siu,1,
埕,Tiânn,1,
埕,Tîng,2,
孫,Sun,1,
孫,Sng,2,
孫,Suinn,3,
容,Iông,1,
展,Tián,1,
島,Tó,1,
島,Tóo,2,
席,Tshio̍h,1,
庫,Khòo,1,
徒,Tôo,1,
恭,Kiong,1,
效,Hāu,1,
時,Sî,1,
柴,Tshâ,1,
校,Hāu,1,
根,Kin,1,
根,Kun,2,
海,Hái,1,
烏,Oo,1,
珠,Tsu,1,
班,Pan,1,
真,Tsin,1,
祖,Tsóo,1,
祝,Tsiok,1,
神,Sîn,1,
納,La̍p,1,
素,Sòo,1,
能,Lîng,1,
茶,Tê,1,
荏,Lám,1,
荏,Jím,2,
荏,Lím,3,
荏,Gím,4,
記,Kì,1,
豹,Pà,1,
財,Tsâi,1,
起,Khí,1,
酒,Tsiú,1,
閃,Siám,1,
院,Īnn,1,
高,Ko,1,
停,Thîng,1,
剪,Tsián,1,
勒,Li̍k,1,
務,Bū,1,
匙,Sî,1,
區,Oo,1,
國,Kok,1,
堅,Kian,1,
堆,Tui,1,
堵,Tóo,1,
夠,Kàu,1,
夠,Kiò,2,
夠,Kòo,3,
強,Kiông,1,
強,Kiâng,2,
排,Pâi,1,
晡,Poo,1,
犁,Lê,1,
犁,Luê,2,
理,Lí,1,
盛,Siānn,1,台日
盛,Sīng,2,台日
符,Hû,1,
第,Tē,1,
第,Tuē,2,
細,Sè,1,
細,Suè,2,
莫,Bo̍h,1,
莫,Bo̍k,2,
赦,Sià,1,
部,Pōo,1,
野,Iá,1,
釧,Tshuan,1,
釧,Tshuàn,2,
閉,Pì,1,
頂,Tíng,1,
鹿,Lo̍k,1,
麥,Be̍h,1,
勞,Lô,1,
勞,Lôo,2,
博,Phok,1,
善,Siān,1,
圍,Uî,1,
堪,Kham,1,
尊,Tsun,1,
提,Thê,1,
換,Uānn,1,
換,Huān,2,
景,Kíng,1,
朝,Tiau,1,
棋,Kî,1,
棗,Tsó,1,
渡,Tōo,1,
湖,Ôo,1,
猴,Kâu,1,
琴,Khîm,1,
番,Huan,1,
硯,Hīnn,1,
稅,Suè,1,
稅,Sè,2,
筆,Pit,1,
絲,Si,1,
貴,Kuì,1,
費,Huì,1,
費,Pì,2,
越,Ua̍t,1,
鈕,Liú,1,
雁,Gān,1,
雲,Hûn,1,
雲,Ûn,2,
雲,În,3,
項,Hāng,1,
順,Sūn,1,
嗄,Sà,1,
塔,Thap,1,
媽,Má,1,
幹,Kàn,1,
意,Ì,1,
愛,Ài,1,
敬,Kìng,1,
新,Sin,1,
會,Kuè,1,
楠,Lâm,1,
業,Gia̍p,1,
滑,Hu̍t,1,
煙,Ian,1,
獅,Sai,1,
獅,Su,2,
群,Kûn,1,
義,Gī,1,
萬,Bān,1,
號,Hō,1,
號,Hōo,2,
裘,Kiû,1,
補,Póo,1,
詩,Si,1,
該,Kai,1,
路,Lōo,1,
載,Tsài,1,
農,Lông,1,
遇,Gū,1,
遇,Gī,2,
遊,Iû,1,
道,Tō,1,
道,Tōo,2,
鈴,Lîng,1,
雷,Luî,1,
電,Tiān,1,
圖,Tôo,1,
團,Thuân,1,
壽,Siū,1,
暢,Thiòng,1,
暢,Thiàng,2,
滾,Kún,1,
漆,Tshat,1,
演,Ián,1,
漢,Hàn,1,
熊,Hîm,1,
福,Hok,1,
舞,Bú,1,
銀,Gîn,1,
銀,Gûn,2,
銅,Tâng,1,
鳳,Hōng,1,
齊,Tsê,1,
齊,Tsiâu,2,
齊,Tsâu,3,
墜,Tuī,1,
審,Sím,1,
德,Tik,1,
播,Pòo,1,
樂,Ga̍k,1,
樓,Lâu,1,
潤,Jūn,1,
潤,Lūn,2,
潭,Thâm,1,
線,Sàn,1,
練,Liān,1,
蝦,Hê,1,
蝦,Hâ,2,
調,Tiāu,1,
談,Tâm,1,
賢,Hiân,1,
遷,Tshian,1,
魯,Lóo,1,
戰,Tsiàn,1,
積,Tsik,1,
縣,Hiān,1,
興,Hing,1,
興,Hin,2,
隨,Suî,1,
戲,Hì,1,
穗,Suī,1,
糜,Bî,1,
臨,Lîm,1,
鍊,Liān,1,
壘,Luí,1,
歸,Ka,1,
甕,Àng,1,
甕,Òng,2,
禮,Lé,1,
簫,Siau,1,
織,Tsit,1,
職,Tsit,1,
鎖,Tshó,1,
鎮,Tìn,1,
雙,Siang,1,
雙,Sang,2,
雞,Ke,1,
雞,Kue,2,
顏,Gân,1,
瀨,Luā,1,
瀨,Lāi,2,
瀨,Nāi,3,
繳,Kiáu,1,
證,Tsìng,1,
證,Tsìn,2,
鏡,Kiànn,1,
霧,Bū,1,
類,Luī,1,
嚴,Giâm,1,
寶,Pó,1,
爐,Lôo,1,
礦,Khòng,1,
鐘,Tsing,1,
鐘,Tsiong,2,
饒,Jiâu,1,
饒,Liâu,2,
饒,Giâu,3,
黨,Tóng,1,
蘭,Lân,1,
辯,Piān,1,
露,Lōo,1,
顧,Kòo,1,
囊,Lông,1,
欉,Tsâng,1,
權,Khuân,1,
權,Kuân,2,
靈,Lîng,1,
鬱,Ut,1,
𣛮,Siānn,1,
川,Tshuan,1,
已,Í,1,
云,Ûn,1,
云,În,2,
介,Kài,1,
元,Guân,1,
及,Ki̍p,1,
巴,Pa,1,
且,Tshiánn,1,
叭,Phuat,1,
右,Iū,1,
尼,Nî,1,
尼,Lî,2,
左,Tsó,1,
左,Tsóo,2,
巨,Kī,1,
巨,Kū,2,
弘,Hông,1,
必,Pit,1,
札,Tsat,1,
永,Íng,1,
玄,Hiân,1,
田,Tiân,1,
田,Tshân,2,
矢,Sí,1,
禾,Hô,1,
禾,Hôo,2,
仰,Gióng,1,
仰,Giáng,2,
仲,Tiōng,1,
仵,Ngóo,1,
伍,Ngóo,1,
伏,Ho̍k,1,
伙,Hué,1,
伙,Hé,2,
危,Guî,1,
吏,Lī,1,
夷,Î,1,
宇,Ú,1,
宇,Í,2,
旭,Hiok,1,
朴,Phok,1,
灰,Hue,1,
灰,He,2,
羽,Ú,1,
羽,Í,2,
佃,Tiān,1,
但,Tān,1,
佐,Tsò,1,
佑,Iū,1,
冶,Iá,1,
努,Lóo,1,
吳,Ngôo,1,
吳,Gôo,2,
吾,Ngôo,1,
吾,Gôo,2,
呈,Tiânn,1,
壯,Tsòng,1,
妥,Thò,1,
孜,Tsu,1,
宏,Hông,1,
希,Hi,1,
杉,Sam,1,
杜,Tōo,1,
杞,Kí,1,
沈,Sím,1,
沐,Bo̍k,1,
沛,Phài,1,
甫,Hú,1,
秀,Siàu,1,
肖,Siàu,1,
育,Io̍k,1,
良,Liông,1,
良,Liâng,2,
芍,Tsiok,1,
芎,Kiong,1,
谷,Kok,1,
貝,Puè,1,
邦,Pang,1,
阮,Ńg,1,
阮,Uán,2,
阮,Uínn,3,
乳,Jú,1,
乳,Lú,2,
乳,Jí,3,
乳,Gí,4,
依,I,1,
協,Hia̍p,1,
周,Tsiu,1,
咍,Hai,1,
固,Kòo,1,
坤,Khun,1,
奉,Hōng,1,
奔,Phun,1,
妮,Nî,1,
妲,Thán,1,
妲,Tat,2,
姒,Sāi,1,
委,Uí,1,
孟,Bīng,1,
宗,Tsong,1,
宛,Uán,1,
宜,Gî,1,
岡,Kong,1,
岳,Ga̍k,1,
弦,Hiân,1,
彼,Pí,1,
忽,Hut,1,
怡,Î,1,
怯,Khiap,1,
或,Hi̍k,1,
拓,Thok,1,
於,U,1,
於,I,2,
昂,Gông,1,
昆,Khun,1,
昌,Tshiong,1,
昌,Tshiang,2,
昔,Sik,1,
朋,Pîng,1,
杭,Hâng,1,
枉,Óng,1,
沓,Ta̍p,1,
沓,Ta̍uh,2,
況,Hòng,1,
泊,Po̍k,1,
泣,Khip,1,
牧,Bo̍k,1,
狐,Hôo,1,
竺,Tiok,1,
舍,Sià,1,
芬,Hun,1,
芭,Pa,1,
邸,Tí,1,
陀,Tôo,1,
陀,Tô,2,
亮,Liāng,1,
亮,Liōng,2,
係,Hē,1,
俐,Lī,1,
俞,Jû,1,
俞,Lû,2,
俞,Jî,3,
冒,Mōo,1,
姻,In,1,
姻,Ian,2,
威,Ui,1,
娃,Ua,1,
宣,Suan,1,
宦,Huān,1,
屋,Ok,1,
帥,Suè,1,
建,Kiàn,1,
彥,Gān,1,
彥,Giān,2,
恆,Hîng,1,
拱,Kióng,1,
拾,Si̍p,1,
昭,Tsiau,1,
柔,Jiû,1,
柔,Liû,2,
柔,Giû,3,
柯,Kua,1,
柳,Liú,1,
洛,Lo̍k,1,
洛,Lo̍h,2,
玲,Lîng,1,
皇,Hông,1,
祈,Kî,1,
禹,Ú,1,
禹,Í,2,
紀,Kí,1,
耶,Iâ,1,
胖,Phuân,1,
苑,Uán,1,
苗,Biâu,1,
苟,Kóo,1,
苟,Kió,2,
英,Ing,1,
茂,Bōo,1,
茂,Biō,2,
范,Huān,1,
要,Iau,1,
迦,Khia,1,
迦,Ka,2,
迦,Kia,3,
迪,Ti̍k,1,
述,Su̍t,1,
郁,Hiok,1,
韋,Uí,1,
首,Siù,1,
乘,Sîng,1,
俸,Hōng,1,
候,Hāu,1,
倫,Lûn,1,
凌,Lîng,1,
剛,Kong,1,
卿,Khing,1,
原,Guân,1,
哲,Tiat,1,
埃,Ai,1,
娜,Ná,1,
娜,Lô,2,
娟,Kuan,1,
娥,Ngôo,1,
宰,Tsáinn,1,
徐,Tshî,1,
悅,Ua̍t,1,
悅,Ia̍t,2,
悟,Ngōo,1,
悟,Gōo,2,
拿,Ná,1,
旁,Pông,1,
晉,Tsìn,1,
桂,Kuì,1,
泰,Thài,1,
浦,Phóo,1,
浩,Hō,1,
浩,Hōo,2,
特,Ti̍k,1,
珮,Puē,1,
祕,Pì,1,
秘,Pì,1,
秦,Tsîn,1,
紐,Liú,1,
耕,King,1,
荀,Sûn,1,
荊,King,1,
荐,Tsiàn,1,
衷,Thiong,1,
豈,Khí,1,
貢,Kòng,1,
迴,Huê,1,
陝,Siám,1,
偉,Uí,1,
偕,Kai,1,
偶,Ngóo,1,
偶,Gió,2,
商,Siong,1,
商,Siang,2,
圈,Khuân,1,
埠,Pōo,1,
培,Puê,1,
屠,Tôo,1,
崇,Tsông,1,
崔,Tshui,1,
巢,Tsâu,1,
常,Siông,1,
常,Siâng,2,
庸,Iûnn,1,
庸,Iônn,2,
彪,Piu,1,
悠,Iu,1,
戚,Tshik,1,
敏,Bín,1,
曹,Tsô,1,
曹,Tsôo,2,
曼,Bān,1,
梁,Niû,1,
梁,Niôo,2,
梧,Ngôo,1,
梧,Gôo,2,
梭,So,1,
梵,Huān,1,
淑,Siok,1,
淨,Tsīng,1,
淵,Ian,1,
畢,Pit,1,
移,Î,1,
紹,Siāu,1,
紹,Siō,2,
統,Thóng,1,
習,Si̍p,1,
荷,Hô,1,
莎,So,1,
莎,Soo,2,
莎,Sa,3,官
速,Sok,1,
逢,Hông,1,
陵,Niā,1,
陶,Tô,1,
陶,Tôo,2,
傑,Kia̍t,1,
凱,Khái,1,
勝,Sing,1,
喇,Lâ,1,
喜,Hí,1,
喬,Kiâu,1,
喻,Jū,1,
喻,Lū,2,
喻,Jī,3,
堤,Thê,1,
堯,Giâu,1,
嵐,Lâm,1,
復,Ho̍k,1,
悲,Pi,1,
惠,Huī,1,
揚,Iông,1,
揚,Iâng,2,
揭,Khiat,1,
揭,Kia̍t,2,
敦,Tun,1,
斐,Hui,1,
斯,Su,1,
普,Phóo,1,
智,Tì,1,
暑,Sú,1,
暑,Sí,2,
棠,Tang,1,
森,Sim,1,
森,Som,2,
植,Si̍t,1,
植,Si̍k,2,
植,Tì,3,
欽,Khim,1,
游,Iû,1,
湘,Siong,1,
焦,Ta,1,
猶,Iû,1,
琪,Kî,1,
琵,Pî,1,
登,Ting,1,
策,Tsheh,1,
紫,Tsí,1,
絡,Lo̍k,1,
給,Kip,1,
肅,Siok,1,
華,Huà,1,
菲,Hui,1,
菲,Huí,2,
萊,Lâi,1,
貂,Tiau,1,
賀,Hō,1,
跋,Pua̍h,1,
辜,Koo,1,
逸,I̍t,1,
逸,I̍k,2,
逸,Ia̍t,3,
鈔,Tshà,1,
閔,Bín,1,
隆,Liông,1,
階,Kai,1,
須,Su,1,
須,Si,2,
黑,Hik,1,
勤,Khîn,1,
勤,Khûn,2,
塞,Sài,1,
奧,Ò,1,
廉,Liâm,1,
慈,Tsû,1,
慎,Sīn,1,
楚,Tshóo,1,
殿,Tiān,1,
源,Guân,1,
溫,Un,1,
溯,Sòo,1,
溯,Sok,2,
滇,Tian,1,
煥,Huàn,1,
瑜,Jû,1,
瑜,Lû,2,
瑜,Jî,3,
瑞,Suī,1,
瑟,Sik,1,
督,Tok,1,
睦,Bo̍k,1,
碓,Tuì,1,
祿,Lo̍k,1,
粱,Liâng,1,
粱,Liông,2,
葉,Ia̍p,1,
裔,È,1,
裔,Ì,2,
裟,Se,1,
裟,Sa,2,
詹,Tsiam,1,
資,Tsu,1,
賈,Ká,1,
達,Ta̍t,1,
靖,Tsīng,1,
靶,Pé,1,
靶,Pà,2,
鳩,Khiu,1,
僑,Kiâu,1,
僧,Tsing,1,
嘉,Ka,1,
察,Tshat,1,
寧,Lîng,1,
廖,Liāu,1,
撤,Thiat,1,
暨,Gut,1,
榮,Îng,1,
槐,Huâi,1,
漫,Bān,1,
漳,Tsiang,1,
漳,Tsiong,2,
漳,Tsing,3,
瑣,Tshó,1,臺日
碧,Phik,1,
箕,Ki,1,
維,Î,1,
維,Uî,2,
綺,Khí,1,
緒,Sū,1,
緒,Sī,2,
翠,Tshuì,1,
聞,Bûn,1,
肇,Tiāu,1,
臺,Tâi,1,
蒙,Bông,1,
蒲,Pôo,1,
蒼,Tshong,1,
蒿,O,1,
蒿,Ho,2,
豪,Hô,1,
豪,Hôo,2,
賓,Pin,1,
趙,Tiō,1,
閩,Bân,1,
儀,Gî,1,
劇,Ki̍k,1,
劇,Kio̍k,2,
劉,Lâu,1,
增,Tsing,1,
慕,Bōo,1,
慶,Khìng,1,
摩,Môo,1,
暮,Bōo,1,
潔,Kiat,1,
潛,Tsiâm,1,
潮,Tiâu,1,
潮,Tiô,2,
澎,Phênn,1,
澎,Phînn,2,
澎,Phîng,3,
磊,Luí,1,
稻,Tō,1,
稻,Tōo,2,
緞,Tuān,1,
蓬,Hông,1,
蓮,Liân,1,
蔚,Uì,1,
蔡,Tshuà,1,
衛,Uē,1,
諸,Tsu,1,
諸,Tsi,2,
輝,Hui,1,
鄧,Tīng,1,
鞏,Kióng,1,
頡,Khiat,1,
黎,Lê,1,
儒,Jû,1,
儒,Lû,2,
儒,Jî,3,
導,Tō,1,
導,Tōo,2,
曉,Hiáu,1,
樵,Tsiâu,1,
歷,Li̍k,1,
澤,Ti̍k,1,
璞,Phok,1,
衡,Hîng,1,
褥,Jio̍k,1,
褥,Lio̍k,2,
諾,Lo̍k,1,
遲,Tî,1,
錦,Kím,1,
錦,Gím,2,
閻,Giâm,1,
閻,Iâm,2,
駱,Lo̍h,1,
鮑,Pāu,1,
默,Bi̍k,1,
優,Iu,1,
儲,Tû,1,
儲,Thû,2,
儲,Tî,3,
儲,Thî,4,
勵,Lē,1,
嶽,Ga̍k,1,
彌,Mí,1,
濟,Tsé,1,
濱,Pin,1,
矯,Kiáu,1,
篠,Siáu,1,
縱,Tshiong,1,
繁,Huân,1,
繆,Biāu,1,
舉,Kí,1,
舉,Kú,2,
蕾,Luí,1,
邁,Māi,1,
鞠,Kiok,1,
鴻,Hông,1,
黛,Tāi,1,
簡,Kán,1,
薩,Sat,1,
藏,Tsông,1,
闕,Khuat,1,
闖,Tshuàng,1,
懷,Kuī,1,
曠,Khòng,1,
羅,Lô,1,
譚,Thâm,1,
贊,Tsān,1,
鵬,Phîng,1,
麗,Lê,1,
龐,Pâng,1,
龐,Bâng,2,
竇,Tōo,1,
籍,Tsi̍k,1,
繼,Kè,1,
耀,Iāu,1,
藹,Ái,1,
蘆,Lôo,1,
蘇,Soo,1,
覺,Kak,1,
釋,Sik,1,
騰,Thîng,1,
櫻,Ing,1,
籐,Tîn,1,
籐,Tîng,2,
續,Sio̍k,1,
躍,Io̍k,1,
襲,Si̍p,1,
襲,Si̍t,2,
鑑,Kàm,1,
鸞,Luân,1,
旋,Suân,1,
尤,Iû,1,
措,Tshòo,1,
鑾,Luân,1,
汪,Ong,1,
汪,Ang,2,
哎,Ai,1,
衍,Ián,1,
甄,Tsin,1,
翡,Huí,1,
噯,Ài,1,
韓,Hân,1,
邏,Lô,1,
托,Thok,1,
万,Bān,1,
丌,Ki,1,
乃,Nái,1,
乜,Mih,1,
亓,Kî,1,
亙,Kìng,1,
亙,Khìng,2,
亢,Khòng,1,
亢,Khong,2,
仉,Tsióng,1,
仉,Tsiáng,2,
仝,Tâng,1,
伋,Kip,1,
伭,Hiân,1,
佀,Huì,1,
佀,Sū,2,
佘,Siâ,1,
余,Û,1,
余,Î,2,
佟,Tông,1,
你,Ní,1,
俉,Gōo,1,
俎,Tsóo,1,
倞,Kīng,1,
倞,Kiōng,2,
倞,Kiāng,3,
倪,Gê,1,
倪,Guê,2,
偰,Siat,1,
偺,Tsa,1,
僮,Tong,1,
兀,Gu̍t,1,
党,Tóng,1,
冀,Kì,1,
冉,Jiám,1,
冨,Pù,1,
况,Hòng,1,
刈,Ngāi,1,
刈,Gē,2,
剡,Iám,1,
剡,Siám,2,
効,Hāu,1,
勺,Tsiok,1,
匝,Tsat,1,
匡,Khong,1,
卞,Piān,1,
卡,Khah,1,
卧,Ngōo,1,
卧,Gōo,2,
卲,Siāu,1,
卲,Siō,2,
厙,Sià,1,
双,Siang,1,
双,Sang,2,
叟,Sóo,1,
叟,Sió,2,
叶,Ia̍p,1,
呀,Gâ,1,
呢,Lî,1,
呢,Nî,2,
呰,Tsú,1,
呰,Tsí,2,
咪,Bî,1,
咸,Hâm,1,
咼,Ko,1,
咼,Koo,2,
哇,Ua,1,
哖,Nî,1,
唄,Pài,1,
唄,Puè,2,
啜,Tuat,1,
啜,Tshuat,2,
喀,Khik,1,
嘎,Kat,1,
嘪,Mái,1,
嘿,Bi̍k,1,
坂,Pán,1,
坂,Puánn,2,
堀,Khut,1,
堀,Ku̍t,2,
塩,Iâm,1,
壹,It,1,
夘,Báu,1,
奎,Ke,1,
奚,Hê,1,
姞,Khiat,1,
姞,Kiat,2,
姥,Bóo,1,
姬,Ki,1,
娌,Lí,1,
婁,Lôo,1,
婁,Liô,2,
媺,Bí,1,
嬴,Îng,1,
孑,Khiat,1,
它,Tô,1,
宓,Ho̍k,1,
寇,Khòo,1,
寇,Khiò,2,
寋,Kián,1,
寗,Lîng,1,
寗,Līng,2,
寗,Līn,3,
寗,Bīng,4,
寰,Huân,1,
尉,Ut,1,
尢,Ong,1,
尹,Ún,1,
尹,Ín,2,
岑,Gîm,1,
岑,Khîm,2,
岱,Tāi,1,
峨,Ngôo,1,
峨,Gô,2,
峯,Hong,1,
崎,Khi,1,
崎,Kî,2,
崎,Kiā,3,
嵇,Ke,1,
嵇,Khe,2,
嵬,Guî,1,
巖,Giâm,1,
巫,Bû,1,
庶,Sù,1,
庶,Sì,2,
庹,Tô,1,
庾,Jú,1,
庾,Lú,2,
庾,Jí,3,
廬,Lû,1,
廬,Lî,2,
弋,I̍k,1,
弗,Hut,1,
弭,Bí,1,
强,Kiông,1,
强,Kiâng,2,
弼,Pi̍t,1,
徽,Hui,1,
忻,Him,1,
恒,Hîng,1,
您,Ní,1,
您,Lín,2,
惲,Ûn,1,
惲,Hún,2,
惲,Ún,3,
愷,Khái,1,
憨,Ham,1,
戈,Ko,1,
戎,Jiông,1,
戎,Liông,2,
戎,Giông,3,
戢,Tship,1,
扈,Hōo,1,
扎,Tsat,1,
拉,Lia̍p,1,
拉,Liap,2,
挪,Lô,1,
挪,Ná,2,
揣,Tshuí,1,
攸,Iû,1,
敖,Ngôo,1,
旃,Tsian,1,
旻,Bîn,1,
旻,Bûn,2,
昶,Tshióng,1,
晁,Tiâu,1,
晋,Tsìn,1,
晤,Gōo,1,
晤,Ngōo,2,
暹,Siām,1,
曙,Sū,1,
曙,Sī,2,
曜,Iāu,1,
曩,Lóng,1,
曬,Sài,1,
曷,Hat,1,
朮,Tsu̍t,1,
朶,Tó,1,
朶,Tóo,2,
机,Ki,1,
朿,Tshù,1,
朿,Tshì,2,
杬,Guân,1,
杲,Hó,1,
杲,Kó,2,
杻,Liú,1,
枇,Pî,1,
柒,Tshit,1,
柘,Tsià,1,
桓,Huân,1,
棘,Kik,1,
椎,Tsui,1,
椿,Thun,1,
椿,Tshun,2,
楮,Tsú,1,
楮,Tsí,2,
楮,Tóo,3,
榎,Ká,1,
樊,Huân,1,
欒,Luân,1,
殳,Sû,1,
毆,Áu,1,
毆,Ió,2,
毆,Oó,3,
毋,Bû,1,
汝,Jú,1,
汝,Lú,2,
汝,Jí,3,
汨,Bi̍k,1,
汲,Khip,1,
汴,Piān,1,
汶,Bûn,1,
汶,Būn,2,
洑,Ho̍k,1,
浣,Uán,1,
浣,Uān,2,
淦,Khàm,1,
淦,Lam,2,
淦,Kàm,3,
淩,Lîng,1,
淳,Sûn,1,
渚,Tsú,1,
渚,Tsí,2,
渠,Kû,1,
渠,Kî,2,
渥,Ak,1,
湄,Bî,1,
湛,Tām,1,
溥,Phóo,1,
滕,Tîng,1,
潼,Tông,1,
澹,Tām,1,
濮,Po̍k,1,
濶,Khuat,1,
濶,Khuah,2,
焉,Ian,1,
熙,Hi,1,
爾,Ní,1,
牟,Bôo,1,
犂,Lê,1,
犂,Luê,2,
狄,Ti̍k,1,
玖,Káu,1,
珞,Lo̍k,1,
珷,Bú,1,
琥,Hóo,1,
琨,Khun,1,
琺,Huat,1,
瑁,Mōo,1,
瑦,Oó,1,
瑦,Oo,2,
璐,Lōo,1,
璣,Ki,1,
璩,Kû,1,
璩,Kî,2,
璽,Sú,1,
璽,Sí,2,
甦,Soo,1,
甯,Lîng,1,
甯,Līng,2,
甯,Līn,3,
甯,Bīng,4,
皋,Ko,1,
盧,Lôo,1,
眞,Tsin,1,
眭,Kuì,1,
眸,Bôo,1,
眸,Biô,2,
睢,Tsu,1,
睢,Tshu,2,
睿,Juē,1,
睿,Luē,2,
瞿,Khû,1,
矦,Hâu,1,
矦,Kâu,2,
祁,Kî,1,
祗,Kî,1,
祗,Tsi,2,
禚,Tsiok,1,
种,Thiông,1,
稽,Khe,1,
穆,Bo̍k,1,
穰,Jiông,1,
穰,Liông,2,
穰,Giông,3,
竭,Kia̍t,1,
笪,Tàn,1,
筱,Siáu,1,
粘,Liâm,1,
綦,Kî,1,
緱,Kau,1,
繞,Jiáu,1,
繞,Liáu,2,
繞,Giáu,3,
羋,Bí,1,
羗,Kiong,1,
羗,Khiong,2,
翟,Ti̍k,1,
翦,Tsián,1,
耷,Tap,1,
耿,Kíng,1,
聶,Lia̍p,1,
聶,Liap,2,
脩,Siu,1,
臧,Tsong,1,
芮,Juē,1,
芮,Luē,2,
苫,Siam,1,
苻,Hû,1,
茆,Bâ,1,
茍,Kóo,1,
茍,Kió,2,
茜,Tshiàn,1,
茬,Sî,1,
茹,Jû,1,
茹,Lû,2,
茹,Jî,3,
荻,Ti̍k,1,
莉,Tî,1,
莉,Nī,2,
莒,Kú,1,
莒,Kí,2,
莘,Sin,1,
菅,Kan,1,
菰,Koo,1,
菽,Siok,1,
萇,Tiông,1,
萱,Suan,1,
葒,Hông,1,
葳,Ui,1,
蒯,Kuái,1,
蓓,Puē,1,
蔣,Tsiúnn,1,
蔣,Tsiónn,2,
蔴,Muâ,1,
蕘,Jiâu,1,
蕘,Liâu,2,
蕘,Giâu,3,
蕢,Kuī,1,
薛,Sih,1,
薜,Phik,1,
藞,Luá,1,
藺,Līn,1,
蘧,Kû,1,
蘧,Kî,2,
蘿,Lô,1,
虞,Gû,1,
虞,Gî,2,
虢,Khik,1,
蚋,Juē,1,
蚋,Luē,2,
螘,Gí,1,
衞,Uē,1,
袁,Uân,1,
裴,Puê,1,
褚,Thú,1,
褚,Thí,2,
覃,Thâm,1,台日打
覃,Tsîm,2,十
覃,Sîm,3,十
訇,Hông,1,
訾,Tshú,1,
誾,Gûn,1,
諶,Sîm,1,
譙,Tsiâu,1,
豊,Lé,1,
豋,Ting,1,
貊,Bi̍k,1,
賁,Huî,1,
賃,Jīm,1,
賃,Lîm,2,
賃,Gīm,3,
賡,King,1,
赫,Hik,1,
蹇,Kián,1,
軋,At,1,
迮,Tsik,1,
迮,Tsok,2,
适,Kuat,1,
逄,Pâng,1,
逯,Lio̍h,1,
邢,Hîng,1,
那,Lô,1,
邯,Hân,1,
邰,Thai,1,
邱,Khu,1,
邳,Pi,1,
邴,Píng,1,
邵,Siō,1,
邵,Siāu,2,
邾,Tsu,1,
邾,Tu,2,
郄,Khik,1,
郅,Tsit,1,
郇,Huân,1,
郇,Sûn,2,
郗,Thi,1,
郗,Hi,2,
郚,Gôo,1,
郚,Ngôo,2,
郜,Khò,1,
郝,Hok,1,
郝,Hik,2,
郝,Hi̍k,3,
郟,Kiap,1,
郤,Khik,1,
鄂,Go̍k,1,
鄒,Tsau,1,
鄒,Tsoo,2,
鄒,Tse,3,
鄒,Tsio,4,
鄒,Tsiu,5,側鳩切
鄔,Oo,1,
鄞,Khûn,1,
鄞,Khîn,2,
鄢,Ian,1,
鄶,Kuè,1,
鄷,Hong,1,
酈,Li̍k,1,
酈,Lê,2,
釗,Tsiau,1,
鈄,Thóo,1,
鈄,Thió,2,
鉉,Hiân,1,
銓,Tshuan,1,
錡,Gî,1,
錡,Kî,2,
錡,Í,3,
鐔,Sîm,1,
閆,Giâm,1,
閈,Hān,1,
閑,Hân,1,
閤,Khap,1,
閤,Ha̍p,2,
閥,Hua̍t,1,
閭,Lû,1,
閭,Lî,2,
闇,Àm,1,
闇,Am,2,
闇,Ám,3,
闞,Khàm,1,
隋,Suî,1,
隗,Guí,1,
隗,Uî,2,
隴,Liông,1,
隴,Lóng,2,
雋,Tsùn,1,
雍,Iong,1,
雎,Tsu,1,
雎,Tsi,2,
雒,Lo̍k,1,
雛,Tshu,1,
雛,Tshi,2,
霄,Sio,1,
霍,Hok,1,
霓,Gê,1,
霙,Ing,1,
靛,Tiān,1,
靛,Tīng,2,
靛,Tiānn,3,
靛,Tāinn,4,
靳,Kìn,1,
靼,Tat,1,
韶,Siâu,1,
頊,Hiok,1,
馥,Hok,1,
馮,Pâng,1,
駒,Khu,1,
駒,Khi,2,
騫,Hian,1,
騫,Khian,2,
魏,Guī,1,
麼,Môo,1,
龔,Kíng,1,
龔,Kióng,2,
龔,Kiong,3,
𥕥,Au,1,
妏,Bûn,1,集韻
妏,Būn,2,集韻泉
妤,Û,1,
妤,Î,2,
苡,Í,1,
亞,À,1,
亞,A,2,
彦,Gān,1,
彦,Giān,2,
温,Un,1,
黄,N̂g,1,
黄,Uînn,2,
凃,Thôo,1,
張簡,Tiunn-kán,1,
張簡,Tionn-kán,2,
歐陽,Au-iông,1,
歐陽,Au-iâng,2,
范姜,Huān-kiong,1,教典
范姜,Huān-kiang,2,
范姜,Huān-khiang,3,林建輝
龎,Pâng,1,
龎,Bâng,2,
𡍼,Tôo,1,
𡍼,Thôo,2,
鄺,Kóng,1,
鄺,Khòng,2,
髙,Ko,1,
𨶒,Giâm,1,白
𨶒,Iâm,2,文
顔,Gân,1,
周黃,Tsiu-n̂g,1,
周黃,Tsiu-uînn,2,
禇,Thú,1,
禇,Thí,2,
江謝,Kang-tsiā,1,
江謝,Kang-tiā,2,
冼,Sián,1,
司徒,Su-tôo,1,
栢,Peh,1,
張廖,Tiunn-liāu,1,
張廖,Tionn-liāu,2,
胥,Su,1,
胥,Si,2,
翁林,Ang-lîm,1,
翁林,Ong-lîm,2,
姜林,Khiong-lîm,1,
姜林,Kiang-lîm,2,
上官,Siōng-kuan,1,
酆,Hong,1,
亷,Liâm,1,
関,Kuan,1,
𡩋,Lîng,1,
𡩋,Līng,2,
𡩋,Līn,3,
𡩋,Bīng,4,
朱陳,Tsu-tân,1,
端木,Tuan-bo̍k,1,
邱黃,Khu-n̂g,1,
邱黃,Khu-uînn,2,
諸葛,Tsu-kat,1,
葉劉,Ia̍p-lâu,1,
姫,Tsín,1,
昝,Tsám,1,
盂,Û,1,
張李,Tiunn-lí,1,
張李,Tionn-lí,2,
王李,Ông-lí,1,
皇甫,Hông-hú,1,
禤,Huan,1,
邜,Báu,1,
阮呂,Ńg-lī,1,
阮呂,Ńg-lū,2,
阮呂,Uán-lū,3,
阮呂,Uán-lī,4,
阮呂,Uínn-lī,5,
栁,Liú,1,
闗,Kuan,1,
劉黃,Lâu-n̂g,1,
劉黃,Lâu-uînn,2,
桞,Liú,1,
杞,Kí,1,
陳李,Tân-lí,1,
陳吳,Tân-ngôo,1,
陳吳,Tân-gôo,2,
林吳,Lîm-ngôo,1,
林吳,Lîm-gôo,2,
歐李,Au-lí,1,
張許,Tiunn-khóo,1,
張許,Tionn-khóo,2,
唐,Tn̂g,1,
唐,Tông,2,
芶,Kóo,1,
芶,Kió,2,
𬓽,Bo̍k,1,
茒,Bâ,1,
曺,Tsô,1,
曺,Tsôo,2,
尉遲,Ut-tî,1,
申屠,Sin-tôo,1,
徐辜,Tshî-koo,1,
張陳,Tiunn-tân,1,
張陳,Tionn-tân,2,
司馬,Su-má,1,
陳黃,Tân-n̂g,1,
陳黃,Tân-uînn,2,
邹,Tsau,1,
邹,Tsoo,2,
邹,Tse,3,
邹,Tsio,4,
蘇陳,Soo-tân,1,
郭李,Kueh-lí,1,
郭李,Keh-lí,2,
李林,Lí-lîm,1,
李陳,Lí-tân,1,
徐陳,Tshî-tân,1,
灍,Khuat,1,
劉張,Lâu-tiunn,1,
劉張,Lâu-tionn,2,
周,Tsiu,1,
荆,King,1,
蔡黃,Tshuà-n̂g,1,
蔡黃,Tshuà-uînn,2,
芦,Lôo,1,
䝉,Bông,1,
洪許,Âng-khóo,1,
張楊,Tiunn-iûnn,1,
張楊,Tionn-iônn,2,
况,Hòng,1,
王劉,Ông-lâu,1,
黃吳,N̂g-ngôo,1,
黃吳,N̂g-gôo,2,
黃吳,Uînn-ngôo,3,
黃吳,Uînn-gôo,4,
冦,Khòo,1,
軒轅,Hian-uân,1,
陳許,Tân-khóo,1,
夏侯,Hā-hôo,1,
夏侯,Hā-hiô,2,
鮮于,Sian-u,1,
鮮于,Sian-i,2,
李王,Lí-ông,1,
曾林,Tsan-lîm,1,
謝林,Tsiā-lîm,1,
謝林,Siā-lîm,2,
麻,Muâ,1,
麻,Mâu,2,
余楊,Û-iûnn,1,
余楊,Î-iûnn,2,
余楊,Û-iônn,3,
余楊,Î-iônn,4,
菈,La̍p,1,
籴,Tô,1,
陳辜,Tân-koo,1,
李黃,Lí-n̂g,1,
李黃,Lí-uînn,2,
郭黃,Kueh-n̂g,1,
郭黃,Keh-n̂g,2,
郭黃,Kueh-uînn,3,
税,Suè,1,
税,Sè,2,
旮,Hiok,1,
令狐,Lîng-hôo,1,
索南,Sik-lâm,1,
索南,Soh-lâm,2,
𨿅,Lo̍h,1,
黃沈,N̂g-sím,1,
黃沈,Uînn-sím,2,
隥,Tìng,1,
貟,Ūn,1,
亣,Tuā,1,
鎦,Liû,1,
鄭黃,Tēnn-n̂g,1,
鄭黃,Tīnn-n̂g,2,
鄭黃,Tēnn-uînn,3,
顓孫,Tsuan-sun,1,
淳于,Sûn-u,1,
淳于,Sûn-i,2,
陳彭,Tân-phênn,1,
陳彭,Tân-phînn,2,
隂,Iam,1,
吳游,Ngôo-iû,1,
吳游,Gôo-iû,2,
莊吳,Tsng-ngôo,1,
莊吳,Tsng-gôo,2,
嘺,Khiau,1,
方鄒,Png-tsoo,1,
方鄒,Png-tse,2,
方鄒,Png-tsio,3,
方鄒,Puinn-tsoo,4,
方鄒,Puinn-tse,5,
吳鄭,Ngôo-tēnn,1,
吳鄭,Ngôo-tīnn,2,
吳鄭,Gôo-tēnn,3,
吳鄭,Gôo-tīnn,4,
格桑,Kik-song,1,
濮陽,Po̍k-iông,1,
㒰,Tsn̂g,1,
㒰,Tsuînn,2,
土登,Thóo-ting,1,
戴楊,Tè-iûnn,1,
戴楊,Tè-iônn,2,
陳呂,Tân-lī,1,
陳呂,Tân-lū,2,
劉范,Lâu-huān,1,
盖,Kài,1,
札西,Tsat-se,1,
廖蔡,Liāu-tshuà,1,
裵,Puê,1,
仼,Ông,1,
𠍐,Līng,1,
蔄,Bān,1,
紀,Kì,1,
噶,Kat,1,
旦增,Tàn-tsing,1,
朱翁,Tsu-ang,1,
朱翁,Tsu-ong,2,
江周,Kang-tsiu,1,
沈游,Sím-iû,1,
東方,Tong-hong,1,
康張,Khng-tiunn,1,
康張,Khng-tionn,2,
第五,Tē-ngóo,1,
郭洪,Kueh-âng,1,
郭洪,Keh-âng,2,
劉許,Lâu-khóo,1,
噶瑪,Kat-má,1,
遆,Tê,1,
𪧟,Lîng,1,
𪧟,Līng,2,
𪧟,Līn,3,
𪧟,Bīng,4,
佡,Sian,1,
李梁,Lí-niû,1,
李梁,Lí-niôo,2,
孫林,Sng-lîm,1,
孫林,Sun-lîm,2,
孫林,Suinn-lîm,3,
冮,Kong,1,
㳺,Iû,1,
䌓,Huân,1,
𠔌,Kak,1,
王顏,Ông-gân,1,
徐謝,Tshî-tsiā,1,
徐謝,Tshî-siā,2,
張趙,Tiunn-tiō,1,
張趙,Tionn-tiō,2,
陸費,Lio̍k-huì,1,
陸費,Lio̍k-pì,2,
陸費,Li̍k-huì,3,
陸費,Li̍k-pì,4,
婀,Ó,1,
曽,Tsan,1,
楼,Lâu,1,
𣾰,Tshat,1,
朵,Tó,1,
朵,Tóo,2,
扆,Í,1,
扎西,Tsat-se,1,
延陵,Tshiân-lîng,1,
延陵,Iân-lîng,2,
胡周,Ôo-tsiu,1,
益西,Ik-se,1,
貢佈,Kòng-pòo,1,
袞桑,Kún-song,1,
連林,Liân-lîm,1,
褚阮,Thú-ńg,1,
褚阮,Thí-ńg,2,
褚阮,Thú-uán,3,
褚阮,Thí-uán,4,
褚阮,Thí-uínn,5,
鍾張,Tsing-tiunn,1,
鍾張,Tsiong-tiunn,2,
鍾張,Tsing-tionn,3,
鍾張,Tsiong-tionn,4,
呙,Ko,1,
呙,Koo,2,
𡻕,Suè,1,
𡻕,Huè,2,
𡻕,Hè,3,
𦍋,Iûnn,1,
𦍋,Iônn,2,
閰,Kiok,1,
𣓾,Iûnn,1,
𣓾,Iônn,2,
朱吳,Tsu-ngôo,1,
朱吳,Tsu-gôo,2,
嘟,Too,1,
礒,Gí,1,
啦,La,1,
横,Hîng,1,
横,Huâinn,2,
横,Huînn,3,
廸,Ti̍k,1,
花,Hua,1,
笹,Sè,1,
笹,Sì,2,
樋,Thong,1,
􀀻,Kî,1,
冒,Mōo,1,
鎻,Tshó,1,
优,Iu,1,
禢,Suan,1,
白瑪,Pe̍h-má,1,
曾江,Tsan-kang,1,
婭,À,1,
猪,Ti,1,
猪,Tu,2,
猪,Tsu,3,
亜,À,1,
亜,A,2,
嶋,Tó,1,
嶋,Tóo,2,
澁,Sip,1,
澁,Siap,2,
濵,Pin,1,
丸,Huân,1,
𫎇,Bông,1,
刘,Lâu,1,
包,Pau,1,
包,Pâu,2,
兪,Jû,1,
兪,Lû,2,
兪,Jî,3,
𨐋,Khian,1,
䔥,Sio,1,
䔥,Siau,2,
袓,Tsū,1,
袓,Tsī,2,
袓,Tsia,3,
啊,Ò,1,
欸,Ái,1,
溤,Pâng,1,
鄚,Bo̍k,1,
褟,Tap,1,
錒,O,1,
黟,I,1,
公羊,Kong-iông,1,
文樂,Bûn-lo̍k,1,
比嘉,Pí-ka,1,
王易,Ông-ia̍h,1,
旦巴,Tàn-pa,1,
伊西,I-se,1,
江田,Kang-tiân,1,
孫劉,Sng-lâu,1,
孫劉,Sun-lâu,2,
孫劉,Suinn-lâu,3,
薛林,Sih-lîm,1,
鐘簡,Tsing-kán,1,
鐘簡,Tsiong-kán,2,
嗨,Hai,1,
鋇,Puè,1,
璦,Ài,1,
嚕,Lóo,1,
帾,Tóo,1,
翋,La̍p,1,
銗,Hiō,1,
銗,Hōo,2,
駷,Sióng,1,
児,Jî,1,
児,Lî,2,
児,Gî,3,
别,Piat,1,
沢,Ti̍k,1,
廼,Nái,1,
玽,Kió,1,
玽,Góo,2,
㧱,Nái,1,
栾,Luân,1,
舩,Tsûn,1,
舩,Suân,2,
珻,Muî,1,
喩,Jū,1,
喩,Lū,2,
喩,Jī,3,
寛,Khuann,1,
楳,Muî,1,
楳,M̂,2,
綫,Sàn,1,
鄥,Khiau,1,
𠤎,Huà,1,
𠤎,Huè,2,
起,Khí,1,
敬,Kìng,1,
夢,Bāng,1,
𦾐,Nâ,1,
匂,Pí,1,
𫡼,Tsô,1,
𫡼,Tsôo,2,
𪷂,Bōo,1,同慕
𦮦,Hm̂,1,
竪,Sū,1,
竪,Sī,2,
鳯,Hōng,1,
奥,Ò,1,
𡖖,Khing,1,
𧝁,Suan,1,
𨓻,Tāi,1,
𥘉,Tshe,1,
𥘉,Tshue,2,
釔,It,1,
𣬂,Kuàn,1,
宾,Pin,1,
鎨,Sún,1,
公孫,Kong-sun,1,
南宮,Lâm-kiong,1,
陳廖,Tân-liāu,1,
慕容,Bōo-iông,1,
