詞目id,漢字,異用字
1,一,蜀
2,一,壹
7,一世人,一世儂
46,人,儂
62,人人,儂儂
64,十二生相,十二生肖
71,人工,儂工
72,人才,儂才
74,刁工,挑工
94,八字跤,八字骹
94,八字跤,八字腳
101,二步七仔,二步拭仔
101,二步七仔,兩步拭仔
112,人客,儂客
117,刁故意,挑故意
120,人面,儂面
123,入厝,入茨
125,七娘媽生,七娘嬤生
127,人家厝仔,人家茨仔
134,人參,人蔘
147,又閣,又更
147,又閣,又復
147,又閣,又擱
148,人影,儂影
151,人緣,儂緣
155,人頭,儂頭
166,上,尚
181,千,仟
210,丈人,丈儂
212,土人,土儂
214,大人,大儂
218,工人,工儂
219,丈人公,丈儂公
221,丈人爸,丈儂爸
223,丈人媽,丈儂媽
223,丈人媽,丈人嬤
223,丈人媽,丈儂嬤
224,上久,尚久
250,上水,汲水
267,大心氣,大心喟
271,大爿,大旁
285,上卌袂攝,上卌𣍐攝
297,大甲蓆,大甲𥱊
302,大囝,大子
304,小囝,小子
310,下早仔,今早仔
324,口灶,口竈
345,小管仔,小卷仔
351,大姊,大姐
358,大官,大倌
364,下昏,兮昏
366,下昏暗,兮昏暗
394,山苳蒿,山茼萵
396,乞食,乞噍
396,乞食,乞吃
401,乞食琴,乞噍琴
401,乞食琴,乞吃琴
404,大厝,大茨
406,低厝仔,低茨仔
406,低厝仔,下茨仔
406,低厝仔,下厝仔
411,大家,乾家
415,大家官,大家倌
420,大氣,大喟
421,大氣喘,大喟喘
431,下晝,兮晝
432,下晡,兮晡
434,三絃,三弦
444,上殕,上醭
444,上殕,上䀟
447,大湧,大泳
448,干焦,干但
448,干焦,乾焦
448,干焦,干單
448,干焦,干乾
460,凡勢,犯勢
463,下暗,兮暗
477,下跤,下骹
477,下跤,下腳
482,山跤,山骹
482,山跤,山腳
483,下跤手人,下跤手儂
483,下跤手人,下骹手儂
483,下跤手人,下腳手儂
484,大跤胴,大骹筒
484,大跤胴,大腳筒
485,三跤馬,三骹馬
485,三跤馬,三腳馬
486,三跤貓,三骹貓
486,三跤貓,三腳貓
492,山雺,山濛
492,山雺,山茫
497,大箍呆,大箍獃
511,大廣絃,大廣弦
513,干樂,矸轆
515,大範,大辨
525,三輪車,三輾車
529,弓蕉,芎蕉
529,弓蕉,金蕉
530,弓蕉油,金蕉油
530,弓蕉油,芎蕉油
536,大頭拇,大頭母
564,予,互
571,仇,讎
572,今,旦
574,內,裡
588,勼,丩
591,中人,中儂
606,勻勻仔,緩緩仔
607,勻勻仔火,緩緩仔火
611,不止,不只
629,今仔日,今旦日
630,勻仔是,緩仔是
640,丹田,單田
657,分伻,分平
657,分伻,分偏
680,冇炭,冇碳
713,中晝,中罩
716,中晝頓,中罩頓
740,內媽,內嬤
741,公媽,公嬤
749,勼跤,勼骹
749,勼跤,勼腳
809,毋,不
809,毋,呣
809,毋,唔
820,歹人,歹儂
845,月內風,月內瘋
857,木心枋,木心板
860,反爿,反旁
865,歹代,歹事
884,毋甘嫌,不甘嫌
886,毋甘願,不甘願
894,歹囝,歹子
900,毋好,不好
904,毋好勢,不好勢
907,毋成,不成
908,毋成人,毋成儂
908,毋成人,不成人
908,毋成人,不成儂
909,手扞仔,手捍仔
909,手扞仔,手按仔
910,毋成囝,不成囝
910,毋成囝,毋成子
910,毋成囝,不成子
911,毋成物,不成物
912,毋成猴,不成猴
913,毋成樣,不成樣
921,毋但,不但
921,毋但,不爾
921,毋但,毋爾
922,毋免,不免
929,歹扭搦,歹扭搙
937,心狂火著,心狂火𤏸
938,心肝仔囝,心肝仔子
958,歹命人,歹命儂
964,毋拄好,不拄好
975,歹空,歹孔
976,毋知,不知
977,毋知人,毋知儂
977,毋知人,不知人
977,毋知人,不知儂
978,毋知死,不知死
979,毋知影,不知影
989,毋挃,不挃
992,毋是勢,不是勢
994,止枵,止飢
994,止枵,止餓
1003,巴郎,巴攏
1006,歹食,歹噍
1006,歹食,歹吃
1006,歹食,歹呷
1021,毋捌,不捌
1031,止疼,止痛
1035,天秤,天平
1048,毋情願,不情願
1049,手液,手𫟊
1066,歹喙,歹嘴
1067,歹喙斗,歹嘴斗
1068,止喙焦,止嘴焦
1068,止喙焦,止喙乾
1068,止喙焦,止嘴乾
1072,毋敢,呣敢
1072,毋敢,不敢
1089,毋著,不著
1110,毛跤,毛骹
1110,毛跤,毛腳
1114,毋過,毋閣
1114,毋過,不過
1121,水閘,水截
1126,夭壽,殀壽
1127,夭壽仔,殀壽仔
1128,夭壽短命,殀壽短命
1145,欠數,欠賬
1159,戶橂,戶定
1159,戶橂,戶閬
1172,允頭路,引頭路
1180,天篷,天房
1180,天篷,天棚
1186,水觳仔,水殼仔
1187,反輾轉,反輪轉
1187,反輾轉,扳輦轉
1191,水薰吹,水熏吹
1191,水薰吹,水煙吹
1192,水雞,水蛙
1199,毋願,不願
1209,毋驚,不驚
1214,爿,旁
1220,牛𡳞脬檨,牛膦脬檨
1223,爪仔,抓仔
1225,牛仔囝,牛仔子
1228,牛奶,牛乳
1230,牛奶色,牛乳色
1231,牛奶喙仔,牛乳喙仔
1231,牛奶喙仔,牛奶嘴仔
1231,牛奶喙仔,牛乳嘴仔
1232,牛奶糖,牛乳糖
1240,牛牢,牛椆
1240,牛牢,牛稠
1247,火金蛄,火金姑
1259,牛捽仔,牛摔仔
1260,王梨,鳳萊
1262,牛喙罨,牛喙籠
1262,牛喙罨,牛嘴罨
1262,牛喙罨,牛嘴籠
1263,牛犅,牛牨
1284,火燒厝,火燒茨
1289,火薰,火熏
1289,火薰,火煙
1304,仙,銑
1305,仝,同
1305,仝,共
1308,代,事
1313,主人,主儂
1323,代先,事先
1326,兄弟姊妹,兄弟姐妹
1334,仙拚仙,仙拼仙
1335,仝爸各母,同爸各母
1340,世俗人,世俗儂
1360,仝款,同款
1360,仝款,共款
1363,世間人,世間儂
1370,代誌,事志
1377,凹,坳
1398,叨,嘮
1416,外人,外儂
1427,司公,師公
1440,叫毋敢,叫不敢
1442,北爿,北旁
1444,四爿,四旁
1450,半世人,半世儂
1476,加車,枷車
1516,出氣,出喟
1534,半桶師仔,半桶司仔
1536,四淋垂,四湳垂
1544,出喙,出嘴
1546,卯喙,卯嘴
1565,外媽,外嬤
1568,古意人,古意儂
1569,出業,卒業
1571,半節,半截
1577,四跤仔,四骹仔
1577,四跤仔,四腳仔
1578,四跤仔泅,四骹仔泅
1578,四跤仔泅,四腳仔泅
1579,四跤杜定,四骹杜定
1579,四跤杜定,四腳杜定
1584,半路師,半路司
1602,可憐代,可憐事
1607,加擔,椵擔
1607,加擔,枷擔
1619,加薦仔,茭薦仔
1628,召鏡,吊鏡
1637,奶,乳
1648,扒,𢻷
1662,本人,本儂
1663,失人禮,失儂禮
1665,尻川,腳倉
1667,尻川䫌,腳倉䫌
1669,尻川口,腳倉口
1678,打扎,打紮
1682,正手爿,正手旁
1684,正爿,正旁
1686,母仔囝,母仔子
1688,奶母,乳母
1694,奶母車,乳母車
1696,本份,本分
1697,幼囝,幼子
1698,母囝椅,母子椅
1726,奶帕仔,乳帕仔
1749,尻脊,加脊
1755,打馬膠路,點仔膠路
1771,奶喙仔,乳喙仔
1771,奶喙仔,奶嘴仔
1771,奶喙仔,乳嘴仔
1784,扒飯,𢻷飯
1799,失電,熄電
1809,布機,布規
1814,奶頭,乳頭
1820,奶癌,乳癌
1830,幼麵麵,幼咪咪
1840,生,青
1845,田,塍
1845,田,堘
1848,甲,𢓜
1848,甲,徦
1848,甲,到
1862,犯人,犯儂
1874,生仔,鍟仔
1882,生份,生分
1882,生份,青份
1882,生份,青分
1883,生份人,生份儂
1883,生份人,生分人
1884,生囝,生子
1896,生冷,青冷
1901,白汫無味,白𩟗無味
1902,生狂,青狂
1907,石枋,石板
1914,目空,目孔
1931,瓦厝,瓦茨
1945,生疏,青疏
1946,生理人,生理儂
1963,生番,生蕃
1964,生菇,生菰
1975,目睭,目珠
1976,目睭仁,目珠仁
1979,目睭皮,目珠皮
1990,白跤蹄,白骹蹄
1990,白跤蹄,白腳蹄
1992,生鉎,生銹
1992,生鉎,生鏥
1994,石榴,榭榴
1999,瓦窯,瓦窰
2002,甲箬笠,甲笚笠
2002,甲箬笠,甲籜笠
2016,白頭鵠仔,白頭殼仔
2021,生鍋,鍟鍋
2030,生鐵,鍟鐵
2035,生驚,青驚
2037,白鑠鑠,白晰晰
2038,交,加
2045,份,分
2050,伨,媵
2061,先生媽,先生嬤
2062,兇狂,凶狂
2094,交懍恂,加懍恂
2094,交懍恂,交懍損
2094,交懍恂,加懍損
2096,份額,分額
2099,共,給
2124,囝,子
2129,各人,各儂
2131,在人,在儂
2133,吐大氣,吐大喟
2142,囡仔,囝仔
2144,囡仔人,囡仔儂
2151,囡仔款,囝仔款
2163,在地人,在地儂
2168,吐肉箭,吐肉搢
2182,囝兒,子兒
2200,囝孫,子孫
2205,吐氣,吐喟
2211,向望,映望
2219,合喙,合嘴
2222,囝婿,子婿
2234,吐腸頭,凸腸頭
2242,各馝,各鱉
2260,回覆,回復
2289,庄,莊
2302,字爿,字旁
2311,安份,安分
2312,好囝,好子
2315,好好人,好好儂
2334,好佳哉,好嘉哉
2334,好佳哉,好佳在
2339,好空,好孔
2369,好喙,好嘴
2370,好喙斗,好嘴斗
2371,尖喙夾仔,尖嘴夾仔
2372,尖喙掘仔,尖嘴掘仔
2389,奸詭,奸鬼
2391,庄跤,庄骹
2391,庄跤,庄腳
2392,尖跤幼手,尖骹幼手
2392,尖跤幼手,尖腳幼手
2419,好額人,好額儂
2430,扞,按
2430,扞,捍
2433,扦,䉔
2447,成人,成儂
2452,死人面,死儂面
2453,死人款,死儂款
2454,有人緣,有儂緣
2474,死囡仔䖙,死囡仔撐
2480,有耳無喙,有耳無嘴
2481,死坐活食,死坐活噍
2481,死坐活食,死坐活吃
2495,有空無榫,有孔無榫
2505,扞家,按家
2505,扞家,捍家
2526,收喙,收嘴
2534,有閒,有閑
2544,曲跤,蹺骹
2544,曲跤,蹺腳
2545,收跤洗手,收骹洗手
2545,收跤洗手,收腳洗手
2550,扞鼎灶,捍鼎灶
2550,扞鼎灶,按鼎灶
2556,扞數,捍數
2556,扞數,扞賬
2556,扞數,捍賬
2557,收數,收賬
2558,扞盤,按盤
2558,扞盤,捍盤
2563,收擔,收担
2568,死賴人,死賴儂
2570,有錢人,有錢儂
2571,扞頭,按頭
2571,扞頭,捍頭
2580,收瀾,收涎
2609,竹䈄,竹筨
2611,老人,老儂
2612,老人目,老儂目
2613,老人斑,老儂斑
2616,老大人,老大儂
2639,米奶,米乳
2656,百百空,百百孔
2676,竹披仔,竹批仔
2677,老板,老闆
2678,老爸,老父
2680,耳空,耳孔
2682,耳空重,耳孔重
2683,耳空鬼仔,耳孔鬼仔
2684,耳空輕,耳孔輕
2685,米芳,米香
2714,肉乾,肉干
2735,竹棑,竹筏
2736,行棋,行碁
2738,羊犅,羊牨
2743,老番顛,老番癲
2744,老硞硞,老痀痀
2756,肉圓,肉丸
2759,老歲仔,老伙仔
2764,竹跤,竹骹
2764,竹跤,竹腳
2765,肉跤仔,肉骹仔
2765,肉跤仔,肉腳仔
2779,竹蓆,竹𥱊
2785,米潘,米䊩
2787,灰窯,灰窰
2788,竹箬,竹籜
2788,竹箬,竹笚
2812,米蟲,米虫
2818,肉羹,肉焿
2822,米攕,米扦
2827,米粩,米荖
2827,米粩,米佬
2836,西爿,西旁
2843,西洋人,西洋儂
2859,佈,布
2862,佗,叼
2862,佗,搭
2863,佗,叼
2863,佗,搭
2868,你,汝
2879,伸勼,伸糾
2891,作田,做田
2892,作田人,作田儂
2892,作田人,做田人
2892,作田人,做田儂
2894,佗位,叨位
2930,伸跤,伸骹
2930,伸跤,伸腳
2932,作弊,做弊
2934,免數想,免賬想
2938,克虧,喫虧
2939,串講,闖講
2940,作穡,做穡
2941,作穡人,作穡儂
2941,作穡人,做穡人
2941,作穡人,做穡儂
2959,含,唅
2964,吵,訬
2968,吼,哮
2969,別人,別儂
2983,吵抐,訬抐
2983,吵抐,訬撓
2992,吵家抐宅,訬家抐宅
2993,吵家抐計,訬家抐計
3007,吭跤翹,吭骹翹
3007,吭跤翹,吭腳翹
3009,吵鬧,訬鬧
3013,呃,噎
3014,呆,獃
3016,囤,躉
3036,坑崁,坑坎
3041,坉塗,坉土
3041,坉塗,填土
3041,坉塗,填塗
3045,坐數,坐賬
3051,妝,粧
3071,尪仔,翁仔
3074,尾仔囝,尾仔子
3083,孝呆,孝獃
3093,尪架桌,紅架桌
3094,宋盼的,宋盻个
3095,尿苴仔,尿敷仔
3104,尿桸,尿杓
3104,尿桸,尿瓠
3111,尾脽,尾錐
3121,尾蝶,尾蛾
3121,尾蝶,美蝶
3152,扶𡳞脬,扶膦脬
3154,序大,視大
3156,序大人,序大儂
3156,序大人,視大人
3166,扴味,逆味
3174,扶挺,扶撑
3182,忌喙,忌嘴
3183,弄喙花,弄嘴花
3186,扭搦,扭搙
3204,抓,爪
3221,杓,桸
3222,杙,楬
3228,杓仔,勺仔
3232,杜伯仔,土扒仔
3247,批桶,批筒
3268,改薰,戒薰
3268,改薰,解薰
3278,汫,𩟗
3280,汰,汏
3281,沃,渥
3284,沕,密
3286,沖,衝
3287,沙,砂
3288,灶,竈
3300,沐沐泅,沒沒囚
3307,沙挑,砂挑
3310,沙埔,砂埔
3313,沙茶,沙嗲
3319,灶跤,竈跤
3319,灶跤,灶骹
3319,灶跤,灶腳
3323,步輦,步輾
3324,沃澹,沃霑
3326,灶頭,竈頭
3329,災,瘟
3329,災,𣩈
3330,牢,稠
3330,牢,椆
3330,牢,著
3345,肝𦟪,肝連
3357,育囝,育子
3364,私奇,私家
3364,私奇,私敧
3378,肚綰,肚捾
3416,豆奶,豆乳
3450,見笑代,見笑事
3452,走袂開跤,走𣍐開腳
3452,走袂開跤,走袂開骹
3453,走袂離,走𣍐離
3456,豆乾,豆干
3457,豆乾糋,豆干糋
3475,言詞,言辭
3477,走傱,走蹤
3477,走傱,走撞
3480,赤跤,赤骹
3480,赤跤,赤腳
3481,赤跤仙仔,赤骹仙仔
3481,赤跤仙仔,赤腳仙仔
3481,赤跤仙仔,赤骹先仔
3481,赤跤仙仔,赤腳先仔
3486,芋粿,芋餜
3487,豆箍,豆麩
3489,芋粿曲,芋餜蹺
3498,車輪,車輾
3506,車幫,車番
3512,豆簽,豆籤
3524,佮,及
3524,佮,甲
3524,佮,合
3525,佮,合
3534,佯毋知,殿不知
3534,佯毋知,盯毋知
3534,佯毋知,盯不知
3536,佬仔,老仔
3541,佯生,盯生
3541,佯生,盯青
3553,佳哉,嘉哉
3562,佮喙,合嘴
3562,佮喙,合喙
3564,佯痟,𩏠痟
3565,佮意,愜意
3565,佮意,合意
3577,佯顛佯戇,佯癲佯怣
3579,佯戇,盯戇
3579,佯戇,佯怣
3579,佯戇,盯怣
3580,侗戇,侗怣
3592,到,甲
3599,剁,斵
3617,刺毛蟲,蛓毛蟲
3645,刺波,刺藨
3659,到站,甲站
3668,受債,受制
3670,受當袂起,受當𣍐起
3682,刺繡,刺綉
3703,坯,胚
3717,坦直,侹直
3718,呵咾,阿咾
3718,呵咾,謳咾
3732,坦徛,坦企
3732,坦徛,挺徛
3732,坦徛,坦豎
3744,呼噓仔,呼㗭仔
3744,呼噓仔,呼㗭也
3744,呼噓仔,呼噓也
3750,呸瀾,呸涎
3763,姊,姐
3764,姊,姐
3769,姑不而將,姑不二將
3769,姑不而將,姑不二終
3770,姊夫,姐夫
3781,姊妹,姐妹
3795,姑情,姑成
3828,底代,底事
3833,孤囝,孤子
3863,定銀,訂銀
3879,忝,悿
3887,彼一日,迄一日
3888,怪人,怪儂
3889,怪人,怪儂
3896,彼爿,彼旁
3896,彼爿,迄旁
3896,彼爿,迄爿
3901,戽杓,戽桸
3903,念咒,唸咒
3906,往往,永永
3912,彼時,迄時
3915,念珠,唸珠
3916,彼站,迄暫
3917,彼陣,彼瞬
3917,彼陣,迄陣
3917,彼陣,迄瞬
3919,彼款,迄款
3921,彼搭,迄搭
3923,彼號,迄號
3924,彼跡,迄跡
3925,往過,永過
3930,彼擺,迄擺
3931,往擺,永擺
3940,披,帔
3945,抾,卻
3945,抾,拾
3945,抾,摭
3946,抿,笢
3946,抿,刡
3947,拂,㧾
3952,拊,撫
3956,拍,打
3956,拍,扑
3961,拑,捦
3966,拚,拼
3975,拄才,拄則
3975,拄才,拄即
3980,拍手,打手
3980,拍手,扑手
3981,拍歹,打歹
3981,拍歹,扑歹
3984,拍毋見,打不見
3984,拍毋見,拍不見
3985,拍手銃,打手銃
3985,拍手銃,扑手銃
3989,披仔,批仔
3990,抿仔,刡仔
3992,拍尻川,打尻川
3992,拍尻川,扑尻川
3993,拍石,打石
3993,拍石,扑石
3995,拚生死,拼生死
3996,拍石師,打石師
3996,拍石師,扑石師
3997,拚生理,拼生理
3998,拈田嬰,拈田𧉅
3999,拍生驚,打青驚
3999,拍生驚,扑生驚
4000,拍交落,扑交落
4000,拍交落,打交落
4002,抾囡仔,扱囡仔
4002,抾囡仔,拾囝仔
4004,招囝婿,招子婿
4005,拄好,抵好
4008,拍字機,打字機
4008,拍字機,扑字機
4015,拍呃,拍嗝
4015,拍呃,拍噎
4015,拍呃,打呃
4020,拍折,打折
4020,拍折,扑折
4021,拖沙,拖砂
4023,拑牢牢,捦稠稠
4028,拚命,拼命
4031,拍官司,打官司
4031,拍官司,扑官司
4032,拚性命,拼性命
4034,拍拍,打拍
4034,拍拍,扑拍
4035,拍拚,打拚
4035,拍拚,扑拼
4035,拍拚,扑拚
4038,拍抐涼,打納涼
4038,拍抐涼,扑納涼
4042,拍金仔,打金仔
4042,拍金仔,扑金仔
4044,拚俗,拼俗
4045,拍咳啾,拍交嗆
4045,拍咳啾,打咳啾
4045,拍咳啾,扑咳啾
4046,拍咯雞,打咯雞
4046,拍咯雞,扑咯雞
4048,抾客,扱客
4052,抾恨,扱恨
4054,抾拾,扱拾
4055,拍某菜,打某菜
4055,拍某菜,扑姥菜
4055,拍某菜,拍姆菜
4057,拍派,打派
4057,拍派,扑派
4063,拆食落腹,拆噍落腹
4063,拆食落腹,拆吃落腹
4066,拍拳,扑拳
4066,拍拳,打拳
4067,拍拳頭,扑拳頭
4068,抾捔,扱桷
4068,抾捔,拾擱
4068,抾捔,抾掬
4068,抾捔,抾确
4070,抾柴,扱柴
4071,抽疼,抽痛
4074,拍破,打破
4074,拍破,扑破
4084,抾骨,扱骨
4084,抾骨,拾骨
4088,拔桶,跋桶
4089,拄欲,抵欲
4089,拄欲,拄要
4089,拄欲,抵要
4091,拍球,打球
4091,拍球,扑球
4095,拍通關,打通關
4095,拍通關,扑通關
4097,拍麻雀,打麻雀
4097,拍麻雀,扑麻雀
4098,拍喙鼓,打嘴鼓
4098,拍喙鼓,扑喙鼓
4098,拍喙鼓,拍嘴鼓
4102,拍殕仔光,拍䀟仔光
4102,拍殕仔光,打殕仔光
4102,拍殕仔光,拍普仔光
4104,拍無去,打無去
4104,拍無去,扑無去
4106,抾稅,扱稅
4107,拍結,打結
4107,拍結,扑結
4109,拍結毬,拍結球
4109,拍結毬,打結球
4110,抾著,扱著
4111,拄著,抵著
4115,拚勢,拼勢
4118,拄搪,抵搪
4119,拍損,扑損
4119,拍損,打損
4119,拍損,打爽
4125,拗裒,拗紨
4128,拚暝工,拼暝工
4131,拍種,扑種
4131,拍種,打種
4132,拍算,扑算
4132,拍算,打算
4133,拍算盤,打算盤
4133,拍算盤,扑算盤
4139,拍噗仔,打噗仔
4139,拍噗仔,扑噗仔
4141,拄數,抵賬
4141,拄數,抵數
4141,拄數,拄賬
4142,放數,放賬
4144,拍賣,打賣
4144,拍賣,扑賣
4150,拍醒,打醒
4150,拍醒,扑醒
4151,拚輸贏,拼輸贏
4152,抾錢,扱錢
4155,斧頭,釜頭
4159,拍斷,扑斷
4159,拍斷,打斷
4160,拍獵,打獵
4160,拍獵,扑獵
4161,拍翸,打翸
4161,拍翸,扑翸
4168,拌蠓仔,拌蚊仔
4169,拍觸衰,扑觸衰
4169,拍觸衰,打觸衰
4170,拍鐵,打鐵
4170,拍鐵,扑鐵
4171,拍鐵仔師,打鐵仔師
4171,拍鐵仔師,扑鐵仔師
4172,拍鐵仔褲,打鐵仔褲
4172,拍鐵仔褲,扑鐵仔褲
4175,拍鱗,打麟
4175,拍鱗,扑麟
4180,拗鬱,拗熨
4181,抾襇,扱襇
4183,昏,暈
4191,枋,板
4200,東爿,東邊
4200,東爿,東旁
4203,枋仔,板仔
4208,明仔載,明仔再
4208,明仔載,明仔哉
4208,明仔載,明旦載
4209,昏去,暈去
4215,林投姊仔,林投姐仔
4216,服侍,服祀
4225,昏倒,暈倒
4229,昏迷,暈迷
4231,枋堵,板堵
4233,松梧,松羅
4237,林菝仔,林拔仔
4243,枋模,板模
4256,沾,呫
4256,沾,噆
4257,沿,椽
4259,泏,注
4260,泏,𤁢
4261,泏,𤁢
4281,治枵,治飫
4283,油炸粿,油車粿
4283,油炸粿,油車餜
4283,油炸粿,油炸餜
4296,欣羨,歆羨
4302,油蔥粿,油蔥餜
4320,炕,焢
4324,爸,父
4334,注文,註文
4338,爸母,父母
4344,炕肉,焢肉
4345,爸老囝幼,父老子幼
4345,爸老囝幼,爸老子幼
4345,爸老囝幼,父老囝幼
4346,炕肉飯,焢肉飯
4348,狗岫,狗巢
4349,狗空,狗孔
4351,物食,物噍
4360,炕菜頭,焢菜頭
4362,炊粿,炊餜
4364,炕窯,焢窰
4365,狗蝨,狗虱
4367,狗蟻,蚼蟻
4371,的,个
4378,祀,𫞼
4378,祀,在
4379,空,孔
4391,空厝間,空茨間
4394,空喙,空嘴
4394,空喙,孔喙
4394,空喙,孔嘴
4395,空喙哺舌,空嘴哺舌
4395,空喙哺舌,空嘴薄舌
4412,空縫,孔縫
4414,糾,勼
4423,芟,刪
4424,芡,焮
4427,芳,香
4428,芳水,香水
4434,芳瓜,香瓜
4440,芳味,香味
4446,芡芳,芡香
4446,芡芳,焮芳
4452,花莓,花苺
4453,芳料,香料
4455,芳粉,香粉
4457,花袂牢枝,花袂稠枝
4457,花袂牢枝,花𣍐牢枝
4457,花袂牢枝,花𣍐稠枝
4458,糾帶,勼帶
4463,糾筋,縮筋
4463,糾筋,勼筋
4483,虯,虬
4483,虯,𧺤
4510,虯毛,虬毛
4510,虯毛,𧺤毛
4525,長尻川,長尻瘡
4547,阿里不達,阿理不達
4553,表姊,表姐
4555,阿姊,阿姐
4560,青盲,青瞑
4561,青盲牛,青瞑牛
4563,阿舍囝,阿舍子
4564,虯虯,虬虬
4564,虯虯,𧺤𧺤
4568,青恂恂,青損損
4579,近倚,近偎
4608,門圈,門鏲
4616,長短跤話,長短骹話
4616,長短跤話,長短腳話
4621,阿媽,俺媽
4621,阿媽,阿嬤
4621,阿媽,俺嬤
4627,門跤口,門骹口
4627,門跤口,門腳口
4631,雨幔,雨𧜞
4639,青磅白磅,青碰白碰
4671,亭仔跤,亭仔骹
4671,亭仔跤,亭仔腳
4681,便媒人,便媒儂
4695,剉,剒
4704,前人囝,前人子
4704,前人囝,前儂子
4704,前人囝,前儂囝
4707,南爿,南旁
4723,削削叫,嗄嗄叫
4733,剉柴,剒柴
4771,咧,在
4771,咧,塊
4790,厚沙屑,厚砂屑
4801,哈唏,哈肺
4802,厚紙坯,厚紙胚
4804,咧欲,在要
4805,咬喙,咬嘴
4805,咬喙,齩喙
4816,厚薰,厚熏
4816,厚薰,厚煙
4823,奕,弈
4824,姦,幹
4827,契兄,客兄
4830,姼仔,七仔
4831,姼仔詼,七仔詼
4834,契囝,契子
4836,契爸,契父
4845,姦撟,幹譑
4856,峇,密
4860,客人,客儂
4871,幽幽仔疼,幽幽仔痛
4876,屎桮齒,屎篦齒
4880,封喙,封嘴
4881,度晬,度歲
4886,峇微,麻微
4910,拜公媽,拜公嬤
4918,後世人,後世儂
4929,後坐,後座
4937,後岫,後受
4937,後岫,後巢
4958,後鈕,後紐
4961,後跤,後骹
4961,後跤,後腳
4965,怨慼,怨切
4972,後頭厝,後頭茨
4973,後擴,後売
4979,挂,罣
4979,挂,掛
4998,曷,抑
5002,挑手爿,挑手旁
5016,昨昏,昨方
5018,挖空,挖孔
5022,按怎,安怎
5023,按怎樣,安怎樣
5027,指指揬揬,指指突突
5043,挖塗,挖土
5054,指頭仔,掌頭仔
5062,枵,飢
5062,枵,餓
5065,枷,椵
5067,某,姥
5074,柯,過
5074,柯,枯
5078,柳丁,柳橙
5079,某乜人,某物人
5079,某乜人,某乜儂
5079,某乜人,某物儂
5080,柳丁汁,柳橙汁
5081,某大姊,某大姐
5089,柱仔跤,柱仔骹
5089,柱仔跤,柱仔腳
5092,某囝,某子
5096,查某𡢃,查某嫺
5096,查某𡢃,查某嫻
5097,查某人,查某儂
5098,查某囝,查某子
5105,查埔,查甫
5105,查埔,查夫
5105,查埔,諸夫
5106,查埔人,查甫人
5106,查埔人,查甫儂
5106,查埔人,查埔儂
5107,查埔囝,查甫囝
5107,查埔囝,查甫子
5107,查埔囝,查埔子
5111,枵鬼,飢鬼
5111,枵鬼,餓鬼
5112,架跤,架骹
5112,架跤,架腳
5114,枵飽吵,飢飽吵
5118,枵饞,飢饞
5118,枵饞,餓饞
5118,枵饞,枵豺
5137,洘旱,涸旱
5138,洗汰,洗汏
5148,洗衫枋,洗衫板
5154,歪喙,歪嘴
5155,洗喙,洗嘴
5171,炭,碳
5187,狡怪,狡獪
5189,炭空,碳空
5189,炭空,炭孔
5189,炭空,碳孔
5190,炭屎,碳屎
5194,活欲,活要
5207,流糍,流餈
5207,流糍,流粢
5208,流豬哥瀾,流豬哥涎
5213,流瀾,流涎
5214,炭礦,碳礦
5215,牲醴,牲禮
5229,相𫝛,相像
5234,相仝,相共
5243,相佮,相合
5243,相佮,相及
5244,相卸代,相卸事
5248,相拍,相打
5248,相拍,相扑
5250,相拍電,相打電
5250,相拍電,相扑電
5251,相拍雞仔,相打雞仔
5251,相拍雞仔,相扑雞仔
5261,相倚,相偎
5263,相唚,相親
5273,相舂,相爭
5273,相舂,相衝
5273,相舂,相掙
5274,相連紲,相連續
5280,相楗,相拱
5280,相楗,相挭
5286,盹瞌睡,拄磕睡
5290,相諍,相爭
5296,盹龜,拄龜
5296,盹龜,拄痀
5296,盹龜,盹眗
5318,看人無,看儂無
5341,看袂起,看𣍐起
5369,耍,爽
5384,紅毛塗,紅毛土
5420,紅塗,紅土
5424,紅膏赤蠘,紅膏赤脂
5433,紅龜粿,紅龜餜
5438,胡蠅,葫蠅
5440,胡蠅拍仔,胡蠅打仔
5440,胡蠅拍仔,胡蠅扑仔
5449,苛,科
5485,苳蒿,冬蒿
5485,苳蒿,苳萵
5485,苳蒿,茼萵
5487,苛頭,科頭
5489,虼蚻,虼蠽
5489,虼蚻,虼蠘
5489,虼蚻,加絕
5518,重巡,重紃
5525,重重疊疊,重重沓沓
5527,重食,重噍
5527,重食,重吃
5529,迫倚,迫偎
5533,訂婚,定婚
5535,重敧爿,重敧旁
5551,限數,限賬
5553,重擔,重担
5570,食,噍
5570,食,吃
5573,食人,食儂
5573,食人,噍儂
5573,食人,吃人
5574,食力,噍力
5574,食力,吃力
5582,食外口,噍外口
5582,食外口,吃外口
5587,食名,噍名
5587,食名,吃名
5589,食老,噍老
5589,食老,吃老
5590,食色,噍色
5590,食色,吃色
5593,風吹輪,風吹輾
5598,食命,噍命
5598,食命,吃命
5602,食物,噍物
5602,食物,吃物
5611,食穿,噍穿
5611,食穿,吃穿
5612,食苦,噍苦
5612,食苦,吃苦
5613,食食,噍食
5613,食食,吃食
5614,風飛沙,風飛砂
5615,食倯,噍倯
5615,食倯,吃倯
5615,食倯,噍傖
5618,食桌,噍桌
5618,食桌,吃桌
5622,香烌,香灰
5623,食祖,噍祖
5623,食祖,吃祖
5625,食秤頭,噍秤頭
5625,食秤頭,吃秤頭
5628,食晝,噍晝
5628,食晝,吃晝
5628,食晝,食罩
5629,食清領便,噍清領便
5629,食清領便,吃清領便
5632,食軟驚硬,噍軟驚硬
5632,食軟驚硬,吃軟驚硬
5635,風喙口,風嘴口
5636,風湧,風泳
5637,香港跤,香港骹
5637,香港跤,香港腳
5642,韭菜,韮菜
5643,食菜,噍菜
5643,食菜,吃菜
5644,韭菜花,韮菜花
5646,食飯桌,噍飯桌
5646,食飯桌,吃飯桌
5647,食飯廳,噍飯廳
5647,食飯廳,吃飯廳
5650,食暗,噍暗
5650,食暗,吃暗
5652,食補,噍補
5652,食補,吃補
5656,食福,噍福
5656,食福,吃福
5664,食漿,噍漿
5664,食漿,吃漿
5669,食褒,噍褒
5669,食褒,吃褒
5671,食醋,噍醋
5671,食醋,吃醋
5673,食膨餅,噍膨餅
5673,食膨餅,吃凸餅
5674,食錢,噍錢
5674,食錢,吃錢
5675,食錢官,噍錢官
5675,食錢官,吃錢官
5678,食頭路,噍頭路
5678,食頭路,吃頭路
5679,風溼,風濕
5681,食臊,噍臊
5681,食臊,吃臊
5683,食虧,噍虧
5683,食虧,吃虧
5686,食薰,噍薰
5686,食薰,吃煙
5709,倚,偎
5712,倯,傖
5723,借人,借儂
5725,冤仇人,冤仇儂
5729,倒手爿,倒手旁
5730,倒爿,倒旁
5737,倚年,偎年
5745,倚近,偎近
5756,倚晝,偎晝
5758,凍喙齒,凍嘴齒
5768,倒數,倒賬
5770,倚靠,偎靠
5771,倚壁,偎壁
5772,倒擔,倒担
5784,倒轉,倒返
5790,厝,茨
5790,厝,戍
5801,哽,骾
5801,哽,鯁
5803,唉,哎
5806,唐山,長山
5808,厝內,茨內
5809,哪毋,哪不
5811,厝主,茨主
5814,厝瓦,茨瓦
5816,厝地,茨地
5817,厝宅,茨宅
5822,厝角鳥仔,茨角鳥仔
5823,厝角頭,茨角頭
5829,厝契,茨契
5837,厝頂,茨頂
5839,厝稅,茨稅
5840,哪著,那著
5843,厝跤,茨骹
5843,厝跤,厝腳
5849,厝頭家,茨頭家
5850,厝邊,茨邊
5851,厝邊頭尾,茨邊頭尾
5856,埋,坮
5858,埕,庭
5863,娘𡢃,娘嫺
5863,娘𡢃,娘嫻
5874,娘嬭,娘奶
5899,家己,家治
5900,家己人,家治人
5906,師仔,司仔
5911,家伙,家賄
5912,屘囝,屘子
5925,差教,差校
5927,師傅,師父
5931,崁跤,崁骹
5931,崁跤,崁腳
5942,展翼,展翅
5943,害蟲,害虫
5958,挐,茹
5960,挩,脫
5964,挩枋,挩板
5966,挩門,拖門
5966,挩門,屜門
5966,挩門,抴門
5972,挨絃仔,挨弦仔
5974,挩窗,脫窗
5976,挨粿,挨餜
5977,挐氅氅,茹氅氅
5979,拳頭拇,拳頭母
5982,挵,撞
5984,挼,揉
5989,捅,統
5997,捒,搡
6001,揤,捏
6015,捌字,識字
6018,敆作,合作
6019,捒走,搡走
6021,捙拚,捙拼
6021,捙拚,車拚
6024,挵門,撞門
6030,捙畚斗,捙糞斗
6031,挵破,撞破
6038,振動,震動
6047,挽喙齒,挽嘴齒
6054,料想袂到,料想𣍐到
6057,挵鼓,撞鼓
6066,捅頭,統頭
6072,挵鐘,撞鐘
6109,根底,根柢
6120,桌崁,桌蓋
6137,桌跤,桌骹
6137,桌跤,桌腳
6144,柴頭尪仔,柴頭翁仔
6150,欱,哈
6157,氣力,喟力
6158,氣口,喟口
6170,海沙埔,海砂埔
6182,海虼蚻,海虼蠽
6182,海虼蚻,海虼蠘
6182,海虼蚻,海加絕
6193,泰國菝仔,泰國芭樂
6201,海湧,海泳
6226,烌,灰
6233,烏人,烏儂
6260,烏枋,烏板
6261,烏枋拭仔,烏板拭仔
6275,烏真珠,烏珍珠
6287,烏喙筆仔,烏嘴筆仔
6290,狸猫,貍貓
6291,烏焦瘦,烏乾瘦
6291,烏焦瘦,烏乾㾪
6291,烏焦瘦,烏焦㾪
6312,消瘦落肉,消㾪落肉
6313,烏蝛,烏微
6316,烏魯木齊,烏魯沐債
6316,烏魯木齊,烏漉沐漬
6317,烏鴉喙,烏鴉嘴
6319,烏糖粿,烏糖餜
6321,烏貓姊仔,烏貓姐仔
6338,泄,疶
6339,疶,泄
6340,疼,痛
6344,病人,病儂
6345,畚斗,糞斗
6348,泄尿,疶尿
6351,疶屎,泄屎
6352,疼某菜,痛某菜
6356,病疼,病痛
6358,疼惜,痛惜
6362,疼痛,痛疼
6363,畚箕,糞箕
6393,破空,破孔
6395,祖厝,祖茨
6396,破柴,剖柴
6399,破格喙,破格嘴
6400,真珠,珍珠
6412,祖媽,祖嬤
6431,秤仔,稱仔
6441,笑咍咍,笑咳咳
6445,租厝,租茨
6449,笑桮,笑杯
6485,罟,罛
6493,罟仔,罛仔
6496,胳下空,胳下孔
6501,紙坯,紙胚
6502,紙枋,紙板
6516,缺喙,缺嘴
6517,翁婿,尪婿
6523,紙橐仔,紙簏仔
6534,茈,芓
6534,茈,嫩
6535,茫,濛
6540,臭人,臭儂
6541,草人,草儂
6548,臭火焦,臭火凋
6548,臭火焦,臭火礁
6550,臭火薰,臭火熏
6550,臭火薰,臭火煙
6553,臭奶呆,臭奶獃
6553,臭奶呆,臭乳呆
6553,臭奶呆,臭乳獃
6554,茭白筍,加白筍
6556,草地人,草地儂
6564,臭尿薟,臭尿辛
6579,草厝仔,草茨仔
6586,臭喙角,臭嘴角
6587,臭殕,臭醭
6588,臭焦,臭乾
6593,臭塗味,臭土味
6597,臭腥,臭青
6598,臭腥公,臭青公
6600,臭跤液,臭跤餿
6600,臭跤液,臭骹液
6600,臭跤液,臭腳液
6601,茶鈷,茶𥑮
6603,草蓆,草𥱊
6615,茶甌,茶𥕥
6632,袂,𣍐
6636,袂用得,𣍐用得
6637,袂合,𣍐合
6638,袂收山,𣍐收山
6641,荏身,弱身
6642,袂見笑,𣍐見笑
6643,袂使,𣍐使
6644,袂使得,𣍐使得
6645,袂和,𣍐和
6647,袂直,𣍐直
6648,袂按算,𣍐按算
6649,袂赴,𣍐赴
6650,袂食袂睏,𣍐食𣍐睏
6650,袂食袂睏,袂噍𣍐睏
6650,袂食袂睏,袂吃袂睏
6652,袂記得,𣍐記得
6654,袂得過,𣍐得過
6655,袂堪得,𣍐堪得
6656,袂當,袂凍
6661,袂輸,𣍐輸
6662,袂輸講,𣍐輸講
6663,袂講得,𣍐講得
6665,荏懶,荏爛
6683,貢丸,摃丸
6699,討皮疼,討皮痛
6707,退色,褪色
6729,討契兄,討客兄
6738,討海人,討海儂
6745,起無空,起無孔
6746,起痟,起𤞚
6751,討趁,討賺
6752,起雄,起兇
6755,討債囝,討債子
6761,起跤動手,起骹動手
6761,起跤動手,起腳動手
6762,迵過,通過
6768,討數,討賬
6802,鬥,湊
6805,骨力,搰力
6815,鬥句,湊句
6822,針灸,鍼灸
6829,酒杯,酒桮
6833,鬥空,湊空
6833,鬥空,湊孔
6833,鬥空,鬥孔
6835,鬥股,湊股
6842,鬥相共,湊相共
6849,骨烌,骨灰
6850,陣疼,陣痛
6853,飢荒,饑荒
6855,鬥陣,湊陣
6857,鬥做伙,湊做伙
6859,鬥無閒,湊無閒
6859,鬥無閒,鬥無閑
6859,鬥無閒,逗無閒
6865,針黹,針指
6868,鬥跤手,鬥骹手
6868,鬥跤手,鬥腳手
6868,鬥跤手,湊腳手
6870,鬥夥計,搭夥計
6870,鬥夥計,湊夥計
6871,鬥榫頭,湊榫頭
6882,鬥鬧熱,湊鬧熱
6882,鬥鬧熱,逗鬧熱
6899,閃爍,閃熾
6899,閃爍,閃熠
6901,高麗參,高麗蔘
6910,偌,若
6910,偌,外
6920,假𠢕,假賢
6921,做人,做儂
6922,做人,做儂
6938,假仙假觸,假仙假𧰵
6940,做司公,做師公
6960,偷拈,偷捻
6965,偷食,偷噍
6965,偷食,偷吃
6966,偷食步,偷噍步
6966,偷食步,偷吃步
6969,做臭人,做臭儂
6978,假喙齒,假嘴齒
6979,偷提,偷摕
6982,假痟,假𤞚
6986,停跤,停骹
6986,停跤,停腳
6989,剪綹仔,剪紐仔
6989,剪綹仔,剪鈕仔
6993,做瘦氣,做㾪氣
6993,做瘦氣,做散喟
7000,做議量,做藝量
7013,唬,虎
7016,唸,念
7018,啉,飲
7021,啖,嘗
7023,唌人,唌儂
7024,唬人,虎人
7030,啉水,飲水
7032,參仔,蔘仔
7046,啉茶,飲茶
7047,啉酒,飲酒
7049,匏桸,匏杓
7049,匏桸,匏瓠
7065,啖糝,啖點
7065,啖糝,啗嘇
7065,啖糝,啖嘇
7066,唱聲,嗆聲
7066,唱聲,倡聲
7073,埤,陂
7082,啥人,甚人
7082,啥人,甚儂
7082,啥人,啥儂
7087,堅巴,堅粑
7101,啥物,啥乜
7101,啥物,啥麼
7109,夠氣,夠喟
7110,堅乾,堅干
7113,啥貨,甚貨
7116,娶新娘,𤆬新娘
7125,啥潲,啥韶
7142,婦人人,婦人儂
7150,寄生蟲,寄生虫
7151,婊囝,婊子
7184,得人疼,得人痛
7185,得人惜,得儂惜
7211,強欲,強要
7212,張鳥鼠,張老鼠
7226,徛,企
7234,挲,搓
7234,挲,搔
7235,捥,抁
7240,徛名,企名
7240,徛名,豎名
7247,徛泅,企泅
7247,徛泅,豎泅
7249,徛屏,企屏
7249,徛屏,豎屏
7251,徛眉,企眉
7251,徛眉,豎眉
7254,徛家,豎家
7254,徛家,企家
7256,挲草,搓草
7256,挲草,搔草
7257,徛起,企起
7257,徛起,豎起
7260,徛票,企票
7260,徛票,豎票
7262,徛黃,企黃
7262,徛黃,豎黃
7264,挲圓,搓圓
7267,悾歁,悾憨
7269,徙跤,徙骹
7269,徙跤,徙腳
7278,徙鋪,徙舖
7279,徛燈篙,豎燈篙
7280,徛頭,企頭
7280,徛頭,豎頭
7285,徛靈,企靈
7285,徛靈,豎靈
7286,挲鹽,搓鹽
7291,捽,摔
7294,掂,敁
7294,掂,鈂
7302,掜,㨮
7313,掩,抰
7315,掮,肩
7321,救人,救儂
7327,捽仔,摔仔
7336,捽目尾,摔目尾
7346,敏豆,閔豆
7350,掃帚,掃箒
7352,掃帚星,掃箒星
7360,掩崁,掩蓋
7381,接喙,接嘴
7392,掃塗跤,掃土腳
7392,掃塗跤,掃塗骹
7392,掃塗跤,掃塗腳
7396,接跤,接骹
7396,接跤,接腳
7414,掠龜走鱉,掠龜走鼈
7419,捲薰,捲熏
7419,捲薰,捲煙
7433,晝,罩
7437,桮,𤖯
7441,桸,杓
7441,桸,瓠
7453,梁柱,樑柱
7469,欲,要
7469,欲,卜
7470,欶,𠲿
7470,欶,嗍
7471,欸,呃
7471,欸,吓
7473,液,𫟊
7475,欶水,吸水
7475,欶水,嗍水
7480,欶奶,吸奶
7480,欶奶,嗍奶
7483,欲死欲活,要死要活
7484,欲呢,要呢
7486,欲知,要知
7487,涵空,涵孔
7500,欲暗仔,要暗仔
7502,欶管,吸管
7502,欶管,嗍管
7503,梢聲,莦聲
7503,梢聲,嗽聲
7503,梢聲,酥聲
7505,淋,湳
7520,淋水,湳水
7538,清芳,清香
7554,添粧,添妝
7555,清閒,清閑
7563,清數,清賬
7592,牽抾,牽扱
7597,現流仔,現撈仔
7602,牽罟,牽罛
7605,球桮,球篦
7617,球箠,球棰
7629,瓷,磁
7639,眯,瞇
7640,眵,覻
7644,眾人,眾儂
7645,瓷仔,磁仔
7648,瓷仔店,磁仔店
7651,眵目,覻目
7668,眵眵,覻覻
7676,甜粿,甜餜
7704,窒倒街,塞倒街
7704,窒倒街,踢倒街
7707,窒喙空,窒嘴空
7707,窒喙空,窒嘴孔
7707,窒喙空,窒喙孔
7721,紲,續
7729,粗人,粗儂
7733,紲手,續手
7735,絃仔,弦仔
7739,細囝,細子
7745,粗坯,粗胚
7746,紲拍,續拍
7746,紲拍,煞拍
7746,紲拍,續扑
7760,細粒子,小粒子
7761,紲喙,續喙
7765,紲落去,續落去
7781,脫,突
7798,脯脯,痡痡
7803,脫箠,突棰
7813,莫,勿
7814,蚵,蠔
7820,蚵仔,蠔仔
7822,蚵仔煎,蠔仔煎
7825,處份,處分
7828,蚵炱,蚵嗲
7828,蚵炱,蠔炱
7841,袚,佩
7844,規,歸
7850,規个,歸个
7853,規爿,規旁
7855,規世人,歸世儂
7868,規氣,歸氣
7870,規陣,歸陣
7880,設緣投,設嫣頭
7881,鴟鴞,覓鷂
7881,鴟鴞,覓鴞
7882,袚鍊,珮鏈
7882,袚鍊,斾鍊
7895,逐,迮
7898,這,今
7898,這,即
7899,這,今
7899,這,即
7919,透世人,透世儂
7920,這世人,這世儂
7935,軟汫,軟孱
7943,貪食,貪噍
7943,貪食,貪吃
7946,販厝,販茨
7950,這站,即暫
7956,這陣,即陣
7957,這馬,即馬
7957,這馬,這碼
7957,這馬,職馬
7957,這馬,這嘛
7961,連紲,連續
7966,貧惰,貧憚
7967,貧惰骨,貧憚骨
7969,軟塗深掘,軟土深掘
7970,這搭,即搭
7974,跂跤,跂骹
7974,跂跤,跂腳
7975,軟跤,軟骹
7975,軟跤,軟腳
7977,軟跤蝦,軟腳蝦
7979,這過,即過
7993,這點仔,即點仔
7995,連鞭,臨邊
8018,部份,部分
8028,頂世人,頂世儂
8045,閉思,秘四
8052,陰桮,陰杯
8073,陰鴆,陰沉
8082,頂懸,頂高
8127,麻痺,痲痺
8133,鳥鼠擗仔,老鼠擗仔
8134,鳥鼠觸仔,老鼠觸仔
8137,麻糍,麻粢
8137,麻糍,麻餈
8138,麻醉,痲醉
8144,麻藥,痲藥
8174,喙,嘴
8177,喙䫌,嘴䫌
8178,勞力,擼力
8178,勞力,努力
8182,喙口,嘴口
8183,喙下斗,嘴下斗
8184,喘大氣,喘大喟
8186,喙斗,嘴斗
8187,喙水,嘴水
8188,割包,刈包
8191,割肉,刈肉
8192,喙舌,嘴舌
8194,喙尾,嘴尾
8197,喙角,嘴角
8202,創空,創孔
8203,喙空,喙孔
8203,喙空,嘴空
8203,喙空,嘴孔
8205,割金,刈金
8207,喝玲瑯,喝玲瓏
8208,割香,葛香
8211,喘氣,喘喟
8213,喙臭,嘴臭
8216,喙脣,嘴脣
8217,喙脣皮,嘴唇皮
8224,喙殘,嘴殘
8228,喉滇,喉淀
8231,喙罨,嘴罨
8232,喙箍,嘴箍
8238,喙齒,嘴齒
8239,喙齒根,嘴齒根
8243,喙瀾,嘴涎
8274,圍棋,圍碁
8276,單跤手,單骹手
8276,單跤手,單腳手
8277,報數,報賬
8285,媠,美
8288,寒,凝
8293,媒人,媒儂
8294,寒人,寒儂
8295,媒人公,媒儂公
8296,媒人婆,媒儂婆
8297,媒人喙,媒儂喙
8297,媒人喙,媒儂嘴
8298,媒人禮,媒儂禮
8301,媌仔,貓仔
8302,媠色,美色
8310,媠氣,美氣
8310,媠氣,媠喟
8310,媠氣,美喟
8320,媠噹噹,美噹噹
8320,媠噹噹,媠璫璫
8320,媠噹噹,美璫璫
8325,循,順
8331,復原,復元
8332,復習,複習
8343,愖,侺
8348,掔,摼
8350,掰,㧳
8352,揈,封
8355,揌,腮
8363,惡人,惡儂
8366,掰手面,擘手面
8366,掰手面,撥手面
8367,插代誌,插代志
8367,插代誌,插事志
8379,揀食,揀噍
8379,揀食,揀吃
8387,插喙,插嘴
8388,插喙插舌,插嘴插舌
8393,掰開,撥開
8393,掰開,掊開
8393,掰開,擘開
8421,敨,㪗
8425,散凶,散鄉
8426,散凶人,散凶儂
8427,敨中氣,㪗中氣
8427,敨中氣,敨中喟
8427,敨中氣,㪗中喟
8440,散形,散雄
8444,敢若,假若
8444,敢若,假那
8445,散食人,散赤人
8445,散食人,窮赤人
8446,敨氣,敨喟
8446,敨氣,㪗喟
8446,敨氣,㪗氣
8459,普渡,普度
8460,敨開,㪗開
8472,斑鴿,斑甲
8479,棋,碁
8485,棋子,碁子
8501,棉紗,綿紗
8508,棉裘,綿裘
8510,棕蓑,棕簑
8511,棋盤,碁盤
8516,棕鑢仔,棕攎仔
8521,殕,䀟
8521,殕,醭
8529,殼仔絃,殼仔弦
8530,殕色,䀟色
8530,殕色,醭色
8535,椪柑,凸柑
8539,殕殕,䀟䀟
8539,殕殕,醭醭
8548,湧,泳
8550,湳,坔
8551,湳田,坔田
8565,焦,乾
8565,焦,凋
8565,焦,礁
8568,牚,撐
8575,無人緣,無儂緣
8577,猴山仔,猴猻仔
8581,無心情,無心成
8583,無毋著,無不對
8584,猶毋過,抑毋擱
8584,猶毋過,猶不過
8584,猶毋過,抑不過
8588,無代無誌,無事無志
8619,焦洗,乾洗
8619,焦洗,凋洗
8624,煮食,煮噍
8624,煮食,煮吃
8625,煮食裙仔,煮噍裙仔
8625,煮食裙仔,煮吃裙仔
8628,焦料,乾料
8629,無氣,無喟
8635,無啥物,無啥乜
8635,無啥物,無啥麼
8638,無彩,無采
8639,無彩工,無采工
8640,無張持,無張除
8648,無閒,無閑
8657,無較縒,無較差
8662,牚腿,撐腿
8663,猶閣,猶擱
8663,猶閣,猶甲
8664,猶閣咧,抑更咧
8664,猶閣咧,抑甲咧
8664,猶閣咧,猶擱咧
8667,無影無跡,無影無迹
8673,牚頭,撐頭
8676,焦燥,乾燥
8681,焦鬆,乾鬆
8681,焦鬆,礁鬆
8683,牚懸,牚高
8683,牚懸,撐懸
8683,牚懸,撐高
8684,無議量,無藝量
8688,番,蕃
8691,痟,𤞚
8697,痟人,𤞚人
8697,痟人,𤞚儂
8697,痟人,痟儂
8702,番仔幔,蕃仔幔
8702,番仔幔,番仔𧜞
8702,番仔幔,蕃仔𧜞
8709,畫巡,畫紃
8714,痚呴嗽,蝦龜嗽
8716,痠抽疼,痠抽痛
8718,痟狗,𤞚狗
8721,痟狗湧,𤞚狗湧
8722,番社,蕃社
8723,痟的,𤞚的
8728,痠疼,痠痛
8736,痟貪,𤞚貪
8747,痟話,𤞚話
8749,發粿,發餜
8756,番薯,番藷
8756,番薯,蕃薯
8756,番薯,蕃藷
8759,番薯箍,蕃薯箍
8760,番薯簽,蕃薯簽
8760,番薯簽,蕃薯籤
8760,番薯簽,番薯籤
8761,番顛,蕃顛
8768,硩,矺
8794,稅厝,稅茨
8800,睏晝,睏罩
8819,筊,儌
8819,筊,徼
8824,粞,𥽕
8826,粧,妝
8831,絚,拫
8838,筊仙,筊先
8852,筊岫,筊巢
8866,絕氣,絕喟
8869,筍乾,筍干
8873,答喙鼓,答嘴鼓
8879,筆跡,筆蹟
8880,筊跤,儌跤
8880,筊跤,賭腳
8888,結數,結賬
8897,翕,熻
8903,舒,敷
8913,翕相,翕像
8914,翕相機,翕像機
8915,翕相館,翕像館
8922,舒被,敷被
8923,菅蓁,菅榛
8928,腌臢,阿渣
8931,萎,虧
8937,菝仔票,芭仔票
8974,菠薐仔,飛薐仔
8975,菜擴,菜觳
8978,菜櫥,菜廚
8979,菜礤,菜擦
8982,著,𤏸
8986,裂,撕
8988,覕,匿
8988,覕,宓
8993,著火,𤏸火
8999,著生驚,著青驚
9004,覕雨,匿雨
9007,覕相揣,覕相找
9007,覕相揣,匿相揣
9007,覕相揣,匿相找
9011,覕喙,匿嘴
9011,覕喙,匿喙
9011,覕喙,覕嘴
9027,著蟲,著虫
9044,趁,賺
9045,越,斡
9047,貼人食,貼儂食
9047,貼人食,貼人噍
9047,貼人食,貼儂吃
9048,貿工,𢯾工
9049,貼心,搭心
9057,註死,注死
9063,註定,注定
9064,貼底,搭底
9069,趁流水,賺流水
9071,趁食,賺食
9072,趁食人,賺食人
9072,趁食人,賺吃人
9072,趁食人,趁噍儂
9073,趁食查某,趁吃查某
9073,趁食查某,賺食查某
9073,趁食查某,賺噍查某
9080,貴參參,貴蔘蔘
9081,象桮,象杯
9081,象桮,聖杯
9083,象棋,象碁
9088,註解,注解
9093,註銷,註消
9095,趁錢,賺錢
9097,越頭,斡頭
9099,跍,竘
9101,跔,痀
9126,跋桮,跋杯
9128,跋牌仔,博牌仔
9129,跋筊,跋繳
9129,跋筊,博筊
9129,跋筊,博徼
9131,跛跤,跛骹
9131,跛跤,跛腳
9143,鈕,紐
9147,閒,閑
9154,閒人,閑人
9154,閒人,閑儂
9154,閒人,閒儂
9156,閒工,閑工
9160,鈕仔,紐仔
9163,閒仙仙,閑仙仙
9164,鈕仔空,紐仔空
9164,鈕仔空,鈕仔孔
9164,鈕仔空,紐仔孔
9165,閒仔話,閑仔話
9184,開喙,開嘴
9190,閒間,閑間
9191,鈕鈕仔,紐紐仔
9191,鈕鈕仔,紐鈕仔
9191,鈕鈕仔,鈕紐仔
9195,開跤褲,開腳褲
9195,開跤褲,開骹褲
9201,開銷,開消
9206,閒錢,閑錢
9243,飯坩,飯硿
9258,飯匙銃,飯匙倩
9263,順紲,順續
9266,飫喙,飫嘴
9278,黃酸,黃痠
9280,黃錦錦,黃扲扲
9285,傱,蹌
9302,剾刀,刨刀
9302,剾刀,摳刀
9304,剾刀花,刨刀花
9304,剾刀花,摳刀花
9310,剾仔,刨仔
9310,剾仔,摳仔
9313,剾皮,刨皮
9313,剾皮,摳皮
9318,剾削,刨削
9318,剾削,摳削
9321,剾洗,刨洗
9321,剾洗,刮洗
9323,剾風,刨風
9338,傷跡,傷迹
9339,勥跤,勥骹
9339,勥跤,勥腳
9343,亂操操,亂吵吵
9344,傱錢,蹌錢
9350,嗚,嗡
9356,塗,土
9362,塗水,土水
9363,塗水師,土水師
9369,圓仔粞,圓仔𥽕
9370,塌本,凹本
9372,塗色,土色
9373,塗尪仔,土尪仔
9374,塗沙,土沙
9374,塗沙,土砂
9375,塗豆,土豆
9376,塗豆仁,土豆仁
9377,塗豆油,土豆油
9378,塗豆糖,土豆糖
9381,塌空,塌孔
9382,塗虱,土虱
9383,塗炭,土炭
9383,塗炭,土碳
9383,塗炭,塗碳
9384,塗墼,土埆
9384,塗墼,塗埆
9385,塗墼厝,土埆厝
9385,塗墼厝,土埆茨
9385,塗墼厝,塗埆茨
9386,塗捀,土捧
9387,圓栱門,圓光門
9389,塗粉,土粉
9392,塌跤,搨骹
9392,塌跤,搨腳
9393,塗跤,土骹
9393,塗跤,土腳
9397,塗魠,土魠
9397,塗魠,土鮀
9397,塗魠,塗鮀
9402,塌錢,凹錢
9403,塗龍,土龍
9405,塗礱,土礱
9406,媽,嬤
9411,嫁查某囝,嫁查某子
9412,媽祖,嬤祖
9413,嫁翁,嫁尪
9430,揫,揪
9435,惹代誌,惹事志
9443,想空想縫,想孔想縫
9455,愛媠,愛美
9464,慄慄掣,搦搦掣
9478,搜,抄
9479,搝,扭
9480,搟,撼
9484,浞,踿
9485,搦,搙
9496,斟,漛
9498,新人,新儂
9513,搤空,挖空
9513,搤空,挖孔
9513,搤空,搤孔
9519,搢風,戰風
9521,搬厝,搬茨
9526,斟茶,漛茶
9529,斟酒,漛酒
9536,搧喙䫌,搧嘴䫌
9541,搝搝搦搦,扭扭搙搙
9542,搬話,盤話
9551,損蕩,損盪
9563,搦權,搙權
9569,楔,揳
9569,楔,塞
9570,楗,拱
9570,楗,挭
9577,楔手縫,揳手縫
9594,楔空,塞孔
9594,楔空,揳空
9594,楔空,揳孔
9595,楔後手,揳後手
9616,會當,會凍
9620,暗暝,暗冥
9630,楔縫,揳縫
9650,溢奶,呃奶
9650,溢奶,溢乳
9650,溢奶,呃乳
9664,歇睏,歇困
9667,歁歁,憨憨
9683,滇,淀
9704,煏桌,爆桌
9725,照起工,照紀綱
9740,矮人,矮儂
9741,痱仔,疿仔
9755,當時,東時
9769,痰瀾,痰涎
9782,碗公,碗疆
9790,禁氣,禁喟
9791,碰釘,掽丁
9793,禁喙,禁嘴
9796,碗粿,碗餜
9799,碰壁,磅壁
9803,筧,梘
9811,罨,掩
9840,經跤經手,經骹經手
9840,經跤經手,經腳經手
9844,罩雺,罩濛
9844,罩雺,罩茫
9854,腡,螺
9878,落勾,落交
9888,腸仔𣻸,腸仔瘍
9905,落杓,漏桸
9909,腹肚枵,腹肚飢
9909,腹肚枵,腹肚餓
9914,聖拄聖,聖抵聖
9923,落屎,漏屎
9924,落屎星,漏屎星
9925,落屎馬,漏屎馬
9932,落氣,漏喟
9948,落湳,落坔
9953,落塗,落土
9958,落跤氣,落骹氣
9958,落跤氣,落腳氣
9967,腥臊,青臊
9969,落翼仔,落翅仔
9991,裒,紨
10004,蛾仔,蝶仔
10012,蜂岫,蜂巢
10016,試看覓,試看昧
10028,補喙齒,補嘴齒
10032,裝痟的,莊孝維
10049,試鹹汫,試鹹𩟗
10059,跤,腳
10059,跤,骹
10062,跤刀,骹刀
10062,跤刀,腳刀
10064,跤手,骹手
10064,跤手,腳手
10065,跤斗,骹斗
10065,跤斗,腳斗
10068,跤仔,骹仔
10068,跤仔,腳仔
10073,跤目,骹目
10073,跤目,腳目
10074,跤尖手幼,骹尖手幼
10074,跤尖手幼,腳尖手幼
10078,跤尾,骹尾
10078,跤尾,腳尾
10079,跤尾飯,骹尾飯
10079,跤尾飯,腳尾飯
10080,跤步,骹步
10080,跤步,腳步
10081,跤肚,骹肚
10081,跤肚,腳肚
10083,跤來手來,骹來手來
10083,跤來手來,腳來手來
10084,跤帛,跤白
10084,跤帛,骹帛
10084,跤帛,腳帛
10085,跤底,骹底
10085,跤底,腳底
10087,畫虎𡳞,話虎膦
10090,跤後肚,骹後肚
10090,跤後肚,腳後肚
10091,跤後蹬,骹後𩨑
10091,跤後蹬,腳後𩨑
10092,跤指頭仔,腳指頭仔
10092,跤指頭仔,骹指頭仔
10094,跤枷,骹椵
10094,跤枷,腳椵
10099,跤骨,骹骨
10099,跤骨,腳骨
10100,跤兜,骹兜
10100,跤兜,腳兜
10100,跤兜,腳都
10102,跤桶,骹桶
10102,跤桶,腳桶
10103,跤梢,骹騷
10103,跤梢,腳騷
10104,跤液,跤𫟊
10104,跤液,骹液
10104,跤液,腳𫟊
10105,跤梢間仔,骹踃間仔
10105,跤梢間仔,腳踃間仔
10106,跤球,骹球
10106,跤球,腳球
10111,跤筋,骹筋
10111,跤筋,腳筋
10114,跤跡,跤迹
10114,跤跡,骹跡
10114,跤跡,腳跡
10115,趒跤頓蹄,投骹蹔蹄
10115,趒跤頓蹄,投腳蹔蹄
10119,跤腿,骹腿
10119,跤腿,腳腿
10120,跤鼻臁,骹鼻臁
10120,跤鼻臁,腳鼻臁
10121,跤數,骹數
10121,跤數,腳色
10121,跤數,腳賬
10122,跤模,腳模
10123,跤模手印,骹模手印
10123,跤模手印,腳模手印
10124,跤盤,骹盤
10124,跤盤,腳盤
10125,跤踏仔,骹踏仔
10125,跤踏仔,腳踏仔
10127,跤擋,骹擋
10127,跤擋,腳擋
10132,跤頭趺,骹頭窩
10132,跤頭趺,腳頭窩
10135,跤縫,骹縫
10135,跤縫,腳縫
10138,較,校
10139,較,卡
10150,遏,折
10152,遐,許
10152,遐,赫
10165,遏手把,遏手霸
10165,遏手把,折手把
10165,遏手把,折手霸
10184,路沖,路衝
10192,遏泔,閼泔
10202,過氣,過喟
10206,較停仔,卡停仔
10208,運動埕,運動庭
10215,運途,運圖
10216,過喙,過嘴
10228,遐爾,許呢
10228,遐爾,赫爾
10228,遐爾,遐呢
10229,遐爾仔,遐呢仔
10232,過數,過賬
10241,過謙,顧謙
10241,過謙,故謙
10245,路邊擔仔,路邊担仔
10252,鉎,鏥
10257,閘,截
10261,閘日,截日
10265,閘光,截光
10267,閘車,截車
10268,銃空,銃孔
10269,閘屏,柵屏
10269,閘屏,截屏
10270,閘風,截風
10276,閘路,截路
10282,雺,濛
10282,雺,茫
10304,頓印,擲印
10308,飽呃,飽噎
10329,電塗,電土
10330,飽滇,飽淀
10351,雺霧,濛霧
10351,雺霧,茫霧
10354,鼎,鐤
10357,鼓井,古井
10363,鼎疕,鼎糒
10371,鼠麴粿,鼠殼粿
10371,鼠麴粿,鼠殼餜
10371,鼠麴粿,鼠麴餜
10377,厭,饜
10386,厭𤺪,饜𤺪
10394,僥倖錢,嬈倖錢
10395,厭氣,嚥氣
10395,厭氣,燕氣
10397,嘛欲,嘛要
10400,僭話,搢話
10401,嘛嘛吼,嗎嗎哭
10437,孵,伏
10437,孵,菢
10444,幔,𧜞
10462,孵岫,孵巢
10476,對喙,對嘴
10482,實腹,塞腹
10485,實鼻,寔鼻
10487,對數,對賬
10494,實櫼,塞櫼
10521,摠頭,總頭
10527,摻,攙
10545,敲油,扣油
10546,榫空,榫孔
10558,槌,鎚
10558,槌,椎
10566,滷,魯
10581,滷肉飯,魯肉飯
10631,漉喙,摝喙
10635,漉糊糜,路糊糜
10641,漲懸價,漲高價
10646,熔,鎔
10653,爾爾,耳耳
10681,箅,箄
10698,箅仔,箄仔
10699,粿仔,餜仔
10704,粿印,餜印
10710,種作,種做
10718,精牲,牲生
10720,精差,爭差
10724,算袂和,算𣍐和
10732,粿粞,餜粞
10732,粿粞,粿𥽕
10732,粿粞,餜𥽕
10736,算數,算賬
10737,管數,管賬
10739,粽箬,粽笚
10739,粽箬,粽籜
10754,綴人走,綴儂走
10770,罰徛,罰企
10770,罰徛,罰豎
10779,膎,鮭
10784,蓆,𥱊
10793,蓄厝,蓄茨
10847,賒數,賒賬
10867,鉸刀爿,鉸刀旁
10907,閣,擱
10907,閣,故
10909,閣再,擱再
10910,閣較,更較
10910,閣較,甲較
10910,閣較,閣卡
10910,閣較,擱較
10944,鼻目喙,鼻目嘴
10946,鼻空,鼻孔
10947,鼻空風,鼻孔風
10948,鼻芳,鼻香
10956,鼻翼,鼻翅
10961,劌,刲
10963,劍竹,箭竹
10967,劍筍,箭筍
10970,價數,價賬
10977,噗,烞
10978,噗,泡
10995,墜跤氣,墜腳氣
11000,噗薰,烞薰
11009,屧,塞
11022,屧手縫,塞手縫
11036,嬈花,嬲花
11039,廟埕,廟庭
11042,屧貼,塞貼
11053,撆,襒
11053,撆,彆
11065,撆手䘼,襒手䘼
11069,戮空,戮孔
11076,撆紮,襒紮
11090,撆褲跤,撇褲骹
11090,撆褲跤,撇褲腳
11090,撆褲跤,襒褲骹
11090,撆褲跤,襒褲腳
11093,撚寶,捻寶
11096,撚鑽,捻鑽
11105,數,賬
11119,數目,賬目
11122,數念,賬念
11123,數房,賬房
11130,數單,賬單
11135,數想,賬想
11142,暴穎,爆穎
11142,暴穎,暴芽
11144,數櫃,賬櫃
11145,數額,帳額
11146,數簿,賬簿
11162,樓仔厝,樓仔茨
11169,標致,標緻
11177,樓跤,樓骹
11177,樓跤,樓腳
11184,潲,韶
11184,潲,精
11194,熟似,熟姒
11194,熟似,熟視
11195,熟似人,熟似儂
11208,瘦,㾪
11210,盤,蹣
11211,熱人,熱儂
11217,瘦田,㾪田
11218,瘦肉,㾪肉
11220,瘦卑巴,㾪豍羓
11221,瘦抽,㾪抽
11228,盤喙錦,盤嘴錦
11229,瘦猴,㾪猴
11234,盤撋,蹣撋
11235,盤數,盤賬
11241,稻,粙
11246,窯,窰
11247,箠,棰
11248,箬,笚
11252,窮分,傾分
11257,磅米芳,磅米香
11259,磅空,磅孔
11263,稻草人,稻草儂
11289,緣投,嫣頭
11289,緣投,嫣投
11296,練痟話,練𤞚話
11314,膣屄,之屄
11320,蓬鬆,膨鬆
11320,蓬鬆,唪鬆
11334,蝨母,虱母
11339,蝦蛄擗仔,蝦蛄拍仔
11343,蔗箬,蔗笚
11343,蔗箬,蔗籜
11344,蝨篦,虱篦
11370,衝碰,沖碰
11396,踢,躂
11397,請人客,請儂客
11405,豬仔囝,豬仔子
11407,豬母奶仔,豬母乳仔
11416,豬灶,豬竈
11417,豬牢,豬椆
11417,豬牢,豬稠
11426,踏枋,踏板
11430,豬狗精牲,豬狗牲生
11447,踢被,躂被
11448,諍喙,諍嘴
11452,踢毽子,躂毽子
11457,豬跤,豬骹
11457,豬跤,豬腳
11458,豬跤箍,豬骹箍
11458,豬跤箍,豬腳箍
11460,豬跤麵線,豬骹麵線
11460,豬跤麵線,豬腳麵線
11468,豬頭爿,豬頭旁
11472,賤蟲,賤虫
11477,輪,碾
11477,輪,輾
11477,輪,輦
11480,遮,這
11481,遮,即
11489,輪仔,輾仔
11498,輪框,輾框
11503,踩街,彩街
11506,遮閘,遮截
11507,遮爾,即爾
11507,遮爾,則尼
11507,遮爾,者爾
11507,遮爾,遮呢
11507,遮爾,這呢
11508,遮爾仔,遮尼仔
11508,遮爾仔,這爾仔
11508,遮爾仔,即尼仔
11516,閬,曠
11517,閬工,曠工
11518,閬月,曠月
11527,閬縫,曠縫
11528,霆,陳
11537,駐,住
11542,霆水螺,陳水螺
11550,鞋抿仔,鞋笢仔
11550,鞋抿仔,鞋刡仔
11563,霆雷公,陳雷公
11579,齒抿仔,齒刡仔
11588,齒觳仔,齒殼仔
11589,齒戳仔,齒拓仔
11601,噤喙,噤嘴
11610,學人,學儂
11617,壅田,壅塍
11620,壁空,壁孔
11635,噷噷,默默
11651,擔,担
11659,擔仔麵,担仔麵
11700,橐,簏
11707,橐仔,簏仔
11708,樹奶,樹乳
11709,樹奶糖,樹乳糖
11719,橐袋仔,簏袋仔
11737,歕,噴
11738,澹,霑
11740,濁,醪
11744,歕火,噴火
11753,歕風,噴風
11763,澹漉漉,霑漉漉
11764,澹糊糊,霑糊糊
11765,歕觱仔,歕嗶仔
11766,歕雞胿,噴雞胿
11769,燃,烆
11781,燃火,烆火
11791,燃柴,烆柴
11792,燒烙,燒暖
11805,燖鍋,燖鍡
11818,瘸跤,瘸骹
11818,瘸跤,瘸腳
11846,窸倏,迅速
11846,窸倏,彳亍
11849,縛跤,縛骹
11849,縛跤,縛腳
11857,膨,胖
11867,膨疱,肨泡
11875,膨椅,肨椅
11885,褫,展
11888,褪赤跤,褪赤骹
11888,褪赤跤,脫赤腳
11895,褲跤,褲骹
11895,褲跤,褲腳
11898,褪褲𡳞,褪褲膦
11899,蕨貓,過貓
11906,賰,偆
11906,賰,伸
11910,親人,親儂
11921,貓兒竹,麻兒竹
11921,貓兒竹,貓猊竹
11934,親情,親成
11994,雕,彫
12019,錢鼠,氈鼠
12037,頭人,頭儂
12043,骿支骨,骿肢骨
12056,頭帛,頭白
12057,頭拄仔,頭抵仔
12064,頭疼,頭痛
12065,頭眩目暗,頭暈目暗
12076,頭路,投路
12080,頭麩,頭粕
12081,骿條,骿膫
12082,頷頸,頷䫀
12087,頭鬃尾,頭㨑尾
12096,鴨仔囝,鴨仔子
12099,鴨母喙,鴨母嘴
12102,鴨咪仔,鴨微仔
12103,龜祟,龜綏
12114,龜跤,龜骹
12114,龜跤,龜腳
12119,鴨鵤,鴨角
12119,鴨鵤,鴨公
12122,鴨鯗,鴨賞
12131,嚓嚓趒,雀雀趒
12160,壓味,押味
12166,應喙,應嘴
12167,應喙應舌,應嘴應舌
12177,擤鼻,凊鼻
12183,壓霸,惡霸
12192,檢采,檢採
12192,檢采,檢彩
12203,溼,濕
12216,濫使,亂使
12222,溼溼,濕濕
12224,濫糝,濫摻
12235,瞪力,殿力
12238,瞪屎,殿屎
12238,瞪屎,脹屎
12255,糞口蟲,糞口虫
12262,糝粉,摻粉
12267,糞埽市場,畚埽市場
12268,糞埽車,畚埽車
12269,糞埽桶,畚掃桶
12270,糞埽籠,畚掃籠
12279,篾蓆,篾𥱊
12282,總鋪,總舖
12288,翼,翅
12301,薅,摳
12310,翼股,翅股
12313,艱苦人,艱苦儂
12317,薅草,摳草
12336,蕗蕎,蕗藠
12347,薟,馦
12364,螿蜍,螿蠩
12365,薟薑仔,辛薑仔
12371,趨,趄
12385,賺食,賺噍
12385,賺食,賺吃
12400,蹌跤雞,蹌骹雞
12400,蹌跤雞,蹌腳雞
12401,講嘐潲話,講嘐韶話
12405,講親情,講親成
12425,還數,還賬
12428,輾轉,輪轉
12431,隱,煴
12434,隱弓蕉,隱金蕉
12434,隱弓蕉,隱芎蕉
12437,隱痀,隱龜
12446,鮮沢,鮮尺
12448,黜,托
12448,黜,拓
12457,黜仔,托仔
12457,黜仔,拓仔
12465,黏塗,粘土
12465,黏塗,粘塗
12466,黜塗機,拓土機
12474,嚙,囓
12480,擲,掞
12483,擽,搔
12488,擲㧒捔,掞㧒捔
12490,檫仔,擦仔
12490,檫仔,𢄧仔
12491,斷奶,斷乳
12499,攄塗機,攄土機
12503,擴頭,凸頭
12503,擴頭,廓頭
12513,爁日,爍日
12521,癗,瘤
12546,繡,綉
12559,薰吹,熏吹
12559,薰吹,煙吹
12564,薰屎,熏屎
12564,薰屎,煙屎
12582,薰頭,熏頭
12582,薰頭,煙頭
12594,蟲,虫
12603,蟯桮,蟯篦
12604,蟲豸,虫豸
12613,藃蟶,僥蟶
12613,藃蟶,翹坦
12616,蹛,帶
12616,蹛,滯
12618,軁,鑽
12622,轉,返
12626,轉外家,返外家
12629,豐沛,豐派
12631,軁狗空仔,軁狗孔仔
12632,轉後頭,返後頭
12634,轉喙,轉嘴
12637,蹔跤步,蹔骹步
12637,蹔跤步,蹔腳步
12642,軁錢空,趡錢孔
12644,轉臍,斷臍
12666,雙爿,雙旁
12669,雞仔囝,雞仔子
12672,雞母蟲,雞母虫
12684,雞牢,雞椆
12684,雞牢,雞稠
12686,雞卷,雞𩜇
12702,雜唸,雜念
12717,雞跤爪,雞腳爪
12733,離離落落,哩哩落落
12734,雞鵤,雞角
12754,餾粿,餾餜
12755,題緣,題捐
12764,鯊魚,沙魚
12767,嚨喉空,嚨喉孔
12778,櫥仔,廚仔
12784,寵倖,寵盛
12803,爍爁,爍乍
12803,爍爁,熠爁
12803,爍爁,熾爁
12803,爍爁,熠乍
12816,羹,焿
12844,蠍仔,蝎仔
12865,譀,䫲
12865,譀,幻
12865,譀,泛
12880,贊助,贈助
12888,譀浡,泛浮
12888,譀浡,䫲浡
12896,譀鏡,泛鏡
12899,鏨,斬
12922,鏨頭,斬頭
12929,騙囡仔,騙囝仔
12940,麴,麯
12963,懸,峘
12963,懸,高
12968,瀾,涎
12972,懸低,高低
12972,懸低,懸下
12972,懸低,高下
12973,懸山,高山
12979,瀾垂,涎垂
12980,懸度,高度
12983,懸價,高價
12984,攕擔,攕担
12985,礤,攃
12991,礤冰,攃冰
13004,礤簽,攃簽
13007,蠓,蚊
13012,蠓仔,蚊仔
13014,蠓仔水,蚊仔水
13015,蠓仔香,蚊仔香
13020,蘋果,蓬果
13028,蠓捽仔,蚊捽仔
13028,蠓捽仔,蠓摔仔
13028,蠓捽仔,蚊摔仔
13034,蠓罩,蚊罩
13040,蠓蟲,蚊蟲
13040,蠓蟲,蠓虫
13040,蠓蟲,蚊虫
13048,鰇魚,柔魚
13048,鰇魚,魷魚
13049,鰇魚羹,魷魚焿
13049,鰇魚羹,鰇魚焿
13058,鹹汫,鹹𩟗
13085,攑,揭
13085,攑,舉
13085,攑,擧
13087,櫼,掙
13092,癩𰣻,癩哥
13093,癩𰣻鬼,癩哥鬼
13094,癩𰣻爛癆,癩哥爛癆
13095,攑手,舉手
13095,攑手,擧手
13099,攝屎,懾屎
13102,囂俳,嬈俳
13104,爛塗,爛土
13105,爛塗糜,爛土糜
13108,攑箸,舉箸
13108,攑箸,擧箸
13110,攑頭,舉頭
13110,攑頭,擧頭
13111,攑懸,舉懸
13111,攑懸,擧懸
13118,襪仔,袜仔
13125,纏跤絆手,纏腳絆手
13125,纏跤絆手,纏骹絆手
13126,纏綴,纏跟
13126,纏綴,纏隨
13133,鐵人,鐵儂
13143,鐵枋,鐵板
13156,鐵鉎,鐵鏥
13181,魔神仔,墓神仔
13186,齧,囓
13193,攢,僎
13195,欉,叢
13200,彎來斡去,彎來拐去
13210,彎彎斡斡,彎彎拐拐
13213,疊,沓
13229,籗仔,筁仔
13232,讀冊人,讀冊儂
13240,聽喙,聽嘴
13254,鱉,鼈
13270,纓纏,絪纏
13270,纓纏,縈纏
13282,驚人,驚儂
13283,驚人,驚儂
13288,顯目,炫目
13289,驚生份,驚青份
13289,驚生份,驚生分
13289,驚生份,驚青分
13292,驚死人,驚死儂
13336,箅仔骨,骿仔骨
13342,靈厝,靈茨
13357,鱟𣁳仔,鱟戛仔
13363,鱟桸,鱟杓
13363,鱟桸,鱟瓠
13364,鬢跤,鬢骹
13364,鬢跤,鬢腳
13383,躡,企
13387,蠻皮,慢皮
13393,饞食,饞噍
13393,饞食,饞吃
13393,饞食,豺食
13412,戇,怣
13414,戇人,戇儂
13414,戇人,怣儂
13414,戇人,怣人
13415,戇大呆,怣大呆
13415,戇大呆,戇大獃
13415,戇大呆,怣大獃
13418,戇呆,戇獃
13418,戇呆,怣獃
13418,戇呆,怣呆
13420,戇直,怣直
13423,戇神,怣神
13425,戇想,怣想
13426,戇話,怣話
13428,戇頭戇面,怣頭怣面
13429,戇膽,怣膽
13430,戇戇,怣怣
13434,鬱傷,屈傷
13435,鬱歲,屈歲
13438,砛,岒
13438,砛,岑
13438,砛,坅
13439,砛仔,岒仔
13439,砛仔,岑仔
13439,砛仔,坅仔
13440,砛簷,岑簷
13440,砛簷,岒簷
13440,砛簷,坅簷
13441,硓𥑮石,咾咕石
13443,襇,襉
13449,躼,軂
13451,躼跤仔,躼骹仔
13451,躼跤仔,躼腳仔
13457,𠯗一下,咠一下
13471,𠢕,賢
13471,𠢕,爻
13472,𠢕人,𠢕儂
13472,𠢕人,賢儂
13472,𠢕人,賢人
13473,𠢕早,賢早
13478,𢲸,櫓
13485,𡳞,膦
13486,𡳞𦉎,膦綏
13486,𡳞𦉎,膦嘴
13487,𡳞核,膦核
13487,𡳞核,卵核
13488,𡳞神,膦神
13489,𡳞脬,膦脬
13489,𡳞脬,卵葩
13490,𡳞鳥,膦屌
13490,𡳞鳥,膦鳥
13493,𩵱仔,午仔
13502,𡢃,嫺
13502,𡢃,嫻
13504,𥰔仔,品仔
13517,䆀才,鄙才
13517,䆀才,僫材
13517,䆀才,孬材
13518,䆀手,僫手
13522,𨑨迌,彳亍
13522,𨑨迌,佚陶
13522,𨑨迌,得桃
13522,𨑨迌,敕桃
13523,𨑨迌人,𨑨迌儂
13527,𨑨迌查某,佚陶查某
13531,𥍉目,瞬目
13532,𤉙,焄
13533,㨑,鬃
13535,𣛮籃,盛籃
13535,𣛮籃,墭籃
13541,𤲍,擠
13544,㴘,泡
13554,𣁳,戛
13560,必,𤿎
13561,必叉,𤿎叉
13562,必痕,𤿎痕
13563,必開,𤿎開
13567,𪜶,怹
13568,𠕇,橂
13568,𠕇,𠕆
13569,𠕇硞硞,𠕆硞硞
13569,𠕇硞硞,碇硞硞
13571,𤺪,僐
13571,𤺪,倦
13584,𫞼,在
13598,𬦰懸𬦰低,𬦰高𬦰下
13603,腥,青
13605,跤,奇
13615,一口灶,一口竈
13619,小食,小噍
13619,小食,小吃
13625,內籬仔,裡籬仔
13627,勼跤勼手,丩跤丩手
13629,心內話,心裡話
13632,手梳攑懸,手梳揭峘
13634,毋是款,不是款
13634,毋是款,呣是款
13634,毋是款,唔是款
13646,必巡,𤿎巡
13650,伨頭,媵頭
13663,牢鼎,椆鼎
13663,牢鼎,稠鼎
13670,抾丁錢,卻丁錢
13670,抾丁錢,拾丁錢
13670,抾丁錢,摭丁錢
13697,厝邊兜,茨邊兜
13697,厝邊兜,戍邊兜
13698,厝邊隔壁,茨邊隔壁
13704,疼心,痛心
13705,疼命命,痛命命
13710,袂赴市,𣍐赴市
13718,啉酒醉,飲酒醉
13720,徛台,企台
13721,捽繩,摔繩
13727,深山林內,深山林裡
13735,媠面,美面
13783,跤後曲,腳後曲
13783,跤後曲,骹後曲
13784,跤捗,腳捗
13784,跤捗,骹捗
13785,跤麻手痺,腳麻手痺
13785,跤麻手痺,骹麻手痺
13800,滾耍笑,滾爽笑
13826,擔仔,担仔
13831,頭轉客,頭返客
13843,離跤手,離骹手
13843,離跤手,離腳手
13856,攑頭香,揭頭香
13856,攑頭香,舉頭香
13856,攑頭香,擧頭香
13879,上尾,尚尾
13881,上無,尚無
13890,大灶,大竈
13896,大漢囝,大漢子
13898,大嚨喉空,大嚨喉孔
13935,毋成囡仔,不成囡仔
13953,王梨酥,鳳萊酥
13955,仝心,同心
13955,仝心,共心
13956,仝沿,同沿
13956,仝沿,共沿
13973,平洋,平陽
13976,生真,生瞋
13984,目空赤,目孔赤
13987,石降,石蝀
13989,交落身,交落娠
13998,在欉的,在叢的
14004,好死毋死,好死不死
14006,好唯是,好惟是
14006,好唯是,好未是
14006,好唯是,好味是
14007,字勻,字巡
14018,竹田嬰,竹塍蠳
14031,行袂開跤,行𣍐開腳
14031,行袂開跤,行𣍐開骹
14033,行跤花,行腳花
14033,行跤花,行骹花
14037,佗落,叨落
14037,佗落,搭落
14045,坐毋著,坐不著
14048,孝尾囝,孝尾子
14066,走標,走飆
14074,到手芳,倒手芳
14082,孤跤手,孤腳手
14082,孤跤手,孤骹手
14088,抽懸,抽峘
14088,抽懸,抽高
14092,拍火,打火
14092,拍火,扑火
14094,拍鳥帽,打鳥帽
14094,拍鳥帽,扑鳥帽
14119,門口埕,門口庭
14120,文光尺,門公尺
14132,封頭壁,風頭壁
14142,枵飢失頓,餓飢失頓
14143,枵過飢,餓過飢
14144,枵燥,餓燥
14150,相伨,相媵
14154,看破跤手,看破骹手
14154,看破跤手,看破腳手
14155,看袂上目,看𣍐上目
14161,美國塗豆,美國土豆
14174,食人夠夠,吃人夠夠
14175,食老出癖,吃老出癖
14177,食風,吃風
14178,食茶,吃茶
14179,食罪,吃罪
14180,食認,吃認
14181,食銅食鐵,吃銅吃鐵
14182,食餐廳,吃餐廳
14183,食聲,吃聲
14184,香櫞瓜,香圓瓜
14188,倒轉去,倒返去
14189,倚意,偎意
14190,倚蹛,倚帶
14190,倚蹛,偎蹛
14208,梳妝打扮,梳粧打扮
14216,烏鉎,烏鏥
14219,病囝,病子
14223,破鼎,破鐤
14242,袂磕得,𣍐磕得
14243,袂曉衰,𣍐曉衰
14245,貢糖,摃糖
14269,寄跤,寄腳
14269,寄跤,寄骹
14272,徛秋,企秋
14276,推捒,推搡
14280,涵空龜,涵孔龜
14287,牽龜落湳,牽龜落坔
14291,紲落來,續落來
14292,規工,歸工
14311,喙笑目笑,嘴笑目笑
14312,喙桮,嘴桮
14313,喙齒縫,嘴齒縫
14315,報鳥鼠仔冤,報老鼠仔冤
14319,提囡仔,摕囡仔
14322,敨放,㪗放
14329,湳仔地,坔仔地
14330,湳塗,湳土
14330,湳塗,坔塗
14330,湳塗,坔土
14333,番薯仔囝,番薯仔子
14335,痟狗病,𤞚狗病
14340,硩番薯,硩番藷
14340,硩番薯,硩蕃薯
14340,硩番薯,硩蕃藷
14340,硩番薯,矺番藷
14340,硩番薯,矺蕃薯
14340,硩番薯,矺蕃藷
14348,菜宅,菜垞
14358,跙流籠,趨流籠
14366,塗石流,土石流
14406,倚山食山,倚山吃山
14425,頓蹬,頓𩨑
14458,步頻,暴憑
14480,燃水,烆水
14485,磚仔窯,磚仔窰
14487,縛跤縛手,縛骹縛手
14487,縛跤縛手,縛腳縛手
14502,頷頸珠,頷䫀珠
14504,龜龜鱉鱉,龜龜鼈鼈
14511,臨時臨曜,臨時臨要
14513,隱痀橋,隱龜橋
14532,懸頂,峘頂
14532,懸頂,高頂
14534,鹹酸苦汫,鹹酸苦𩟗
14536,攑旗軍仔,揭旗軍仔
14536,攑旗軍仔,舉旗軍仔
14536,攑旗軍仔,擧旗軍仔
14647,夭,殀
14653,屯,囤
14698,司,師
14745,兇,凶
15008,岩,巖
15040,拇,母
15134,芟,刪
15147,虱,蝨
15274,枷,椵
15459,庭,埕
15521,浡,浮
15667,參,蔘
15898,連,蓮
16018,晬,歲
16085,番,蕃
16338,碇,矴
16363,腥,青
16433,遍,片
16604,臺,台
16685,寬,緩
16720,撫,拊
16960,縒,轍
17029,頸,䫀
17971,夭壽骨,殀壽骨
18124,生猴,青猴
18500,花彔彔,花菉菉
18805,疶屎星,泄屎星
19029,庄跤人,庄跤儂
19393,幔被仔,幪被仔
19393,幔被仔,𧜞被仔
19634,轉成,長成
19666,襟胸,禽胸
20134,鈍跤鈍手,鈍腳鈍手
20134,鈍跤鈍手,鈍骹鈍手
20298,變無撚,變無捻
20302,桑椹,桑葚
27243,水筧,水梘
27249,石距,石鮔
27257,規半晡,歸半晡
27257,規半晡,歸半埔
27303,拍莓,拍苺
27316,末趁,沒趁
27321,四伨,四媵
27324,躼跤蠓,軂腳蚊
27375,光爍爍,光熠熠
27375,光爍爍,光熾熾
27379,出代誌,出事志
27385,塗窯,土窯
27385,塗窯,土窰
27390,牛奶粉,牛乳粉
27396,掠枵,掠飢
27396,掠枵,掠餓
27397,止飢,止饑
27406,摒盪,摒蕩
27415,跤尾錢,腳尾錢
27416,香跤,香腳
27418,尻川後話,尻倉後話
27418,尻川後話,腳倉后話
27423,芳貢貢,香烘烘
27423,芳貢貢,芳絳絳
27444,相疼痛,相痛疼
27503,變撚,變捻
27514,規山坪,歸山坪
27520,貫捾,貫綰
27520,貫捾,絭捾
27536,青苔仔,青笛仔
27536,青苔仔,青池仔
27536,青苔仔,青啼仔
27536,青苔仔,青絲仔
27540,頭喙,頭嘴
27548,相疊,相沓
27570,僭權,佔權
27577,相袚,相旆
27608,㾀屎,怯屎
28111,跋歹筊,跋歹徼
28111,跋歹筊,跋歹儌
28111,跋歹筊,博歹徼
28111,跋歹筊,博歹儌
28111,跋歹筊,博歹筊
28114,剪筊,剪儌
28114,剪筊,剪徼
28116,整筊,整儌
28116,整筊,整徼
28120,食清,噍清
28120,食清,吃清
28125,烏昏,烏荒
28133,纘袂牢,贊袂牢
28133,纘袂牢,贈袂牢
28137,雞喙變鴨喙,雞嘴變鴨嘴
28191,喙凊,嘴凊
28209,掂篤,敁篤
28209,掂篤,鈂篤
28209,掂篤,敁斗
28209,掂篤,鈂斗
28209,掂篤,掂斗
28224,偷走厝,偷走茨
28249,錦痀,顉痀
28249,錦痀,趛痀
28265,閬站,曠站
28292,體剔,體托
28318,卜面,博面
28329,抾骨頭,拾骨頭
28329,抾骨頭,扱骨頭
28329,抾骨頭,卻骨頭
28329,抾骨頭,摭骨頭
28341,𫞼諍王,在諍王
28345,結果擲捒,結果擲搡
28345,結果擲捒,結果掞捒
28345,結果擲捒,結果掞搡
28346,懊嘟面,懊盹面
28346,懊嘟面,懊揬面
28349,憶著,亄著
28351,起跤,起骹
28351,起跤,起腳
28353,恐喝,恐嚇
28381,門喙,門嘴
28391,卵蛋,卵端
28405,掰會,㧳會
28406,𢯾鼻,抈鼻
28406,𢯾鼻,瘼鼻
28407,食鹼,食羹
28410,呔討,汰討
28479,拚硬仔,拼硬仔
28488,顫悶,顫璺
28488,顫悶,戰悶
28495,花血,花纈
28501,老頹,老傫
28501,老頹,老俀
28502,攔孤爿,掗孤爿
28520,牽磕,牽卡
28520,牽磕,牽闔
28521,牽闔,牽卡
28533,暗殕,暗䀟
28533,暗殕,暗醭
28538,焦蔫,乾蔫
28538,焦蔫,凋蔫
28538,焦蔫,礁蔫
28551,枯焦,枯憔
28562,銅仙,銅銑
28599,紲話,續話
29101,起挐,起茹
29116,無時閒,無時閑
29169,敆爐,合爐
29179,茈鳥仔,芓鳥仔
29179,茈鳥仔,嫩鳥仔
29214,硬喙,硬嘴
29229,粗跤重蹄,粗骹重蹄
29229,粗跤重蹄,粗腳重蹄
29252,大厝起,大茨起
29305,緊跤,緊腳
29305,緊跤,緊骹
29327,鋏仔,夾仔
29346,換喙,換嘴
29378,落妝,落粧
29383,欹,迦
29420,耳空吼,耳孔吼
29420,耳空吼,耳空哮
29433,這氣,今氣
29433,這氣,即氣
29441,拍層,打層
29441,拍層,扑層
29444,欲哭欲𥍉,要哭要𥍉
29444,欲哭欲𥍉,卜哭卜𥍉
29456,使喙,使嘴
29461,敲虎𡳞,敲虎膦
29516,甲是,𢓜是
29516,甲是,徦是
29516,甲是,到是
29520,喙扁,嘴扁
29531,翻轉年,返當年
29537,見天,頏天
29543,講仙古,講僊古
29548,總根頭,摠根頭
29600,紲攤,續攤
