羅馬字,來源
1940,例句
2003,例句
921,例句
A,釋義
Khóng,釋義
Mi,釋義
O,釋義
OK,釋義
Pe̍h,釋義
Phia̍k,釋義
Póo,釋義
Pô,釋義
Siau,釋義
Siā,釋義
Sòng,釋義
The̍h,釋義
Tn̂g,釋義
Tshit,釋義
Tsiá,釋義
Tsi̍t,釋義
Tāi,釋義
a,"詞目,例句,又唸作,詞彙比較,名,姓,釋義"
ah,"詞目,例句,又唸作,詞彙比較,名,姓,釋義"
ai,"詞目,例句,又唸作,名,姓"
aih,"詞目,例句,釋義"
ak,"詞目,例句,又唸作,詞彙比較,名,姓"
am,"詞目,例句,又唸作,詞彙比較,名,姓"
an,"詞目,例句,又唸作,詞彙比較,名,姓"
ang,"詞目,例句,詞彙比較,名,姓,釋義"
ap,"詞目,例句,又唸作,俗唸作,詞彙比較,名"
at,"詞目,例句,又唸作,詞彙比較,名,姓"
au,"詞目,例句,詞彙比較,名,姓"
auh,詞彙比較
a̋i,"詞目,又唸作"
a̍h,"詞目,例句,又唸作,合音唸作,詞彙比較,名"
a̍k,名
a̍p,"詞目,例句,又唸作,詞彙比較,名"
a̍t,詞目
a̍uh,詞彙比較
ba,詞彙比較
bah,"詞目,例句,又唸作,詞彙比較,釋義"
bai,"詞目,詞彙比較"
bak,"詞目,例句,又唸作,詞彙比較"
ban,"詞目,例句,詞彙比較,名"
bang,詞彙比較
bat,"詞目,例句,詞彙比較"
ba̋i,詞目
ba̍h,詞彙比較
ba̍k,"詞目,例句,又唸作,詞彙比較,名,姓,釋義"
ba̍t,"詞目,例句,名,姓"
ba̍uh,又唸作
be,名
beh,"詞目,例句,又唸作,詞彙比較"
berh,詞彙比較
be̍h,"詞目,例句,又唸作,詞彙比較,名,姓,釋義"
be̍rh,詞彙比較
bi,"詞目,例句,詞彙比較,名"
biat,詞目
bia̍t,"詞目,例句,名"
bih,"詞目,例句,詞彙比較,名,釋義"
bián,"詞目,例句,俗唸作,詞彙比較,名"
biáu,"詞目,例句,名"
biân,"詞目,名,姓"
biâu,"詞目,例句,又唸作,名,姓"
bió,"詞目,例句,又唸作,名,姓"
biô,"詞目,例句,又唸作,名,姓"
biû,名
biān,"詞目,例句,又唸作,名"
biāu,"又唸作,名,姓"
biō,"詞目,例句,又唸作,詞彙比較,名,姓"
biōr,詞彙比較
biū,"詞目,名"
bi̋,詞彙比較
bi̍h,"詞目,例句,詞彙比較,名"
bi̍k,"詞目,名,姓"
bi̍t,"詞目,例句,詞彙比較,名"
boh,詞彙比較
bok,"詞目,例句,詞彙比較"
bong,"詞目,例句,詞彙比較,名"
boo,"詞目,名"
bo̍h,"詞目,名,姓"
bo̍k,"詞目,例句,又唸作,俗唸作,詞彙比較,名,姓"
bu,"詞目,詞彙比較"
buah,"詞目,例句,詞彙比較,名"
buaih,合音唸作
buat,名
bua̋,合音唸作
bua̍h,"詞目,例句,詞彙比較,名,姓"
bua̍t,"詞目,例句,名"
bueh,"詞目,又唸作,詞彙比較"
bue̍h,"詞目,例句,詞彙比較,名"
buh,詞目
bui,"詞目,例句,詞彙比較"
but,"詞目,例句,又唸作,詞彙比較"
buán,"詞目,例句,又唸作,詞彙比較,名,姓"
buâ,"詞目,例句,詞彙比較,名,姓"
buân,名
bué,"詞目,例句,又唸作,詞彙比較,名,姓,釋義"
buê,"詞目,例句,又唸作,詞彙比較,名"
buā,詞彙比較
buē,"詞目,例句,又唸作,詞彙比較,名"
buě,詞彙比較
bu̍t,"詞目,例句,又唸作,俗唸作,詞彙比較,名"
bà,詞目
bàn,詞目
bàng,"詞目,例句,詞彙比較,名"
bá,"詞目,又唸作,詞彙比較"
bái,"詞目,例句,詞彙比較,名"
bám,名
bán,"詞目,例句,又唸作,詞彙比較,名,釋義"
báng,"詞目,例句,又唸作,詞彙比較,名"
báu,"詞目,例句,名,姓,釋義"
bâ,"詞目,例句,又唸作,詞彙比較,名,姓"
bâi,"詞目,例句,又唸作,名,姓"
bân,"詞目,例句,名,姓"
bâng,"詞目,例句,詞彙比較,名,姓"
bâu,"詞目,名"
bé,"詞目,例句,又唸作,詞彙比較,名,姓"
bér,詞彙比較
bê,"詞目,例句,詞彙比較,名"
bêr,"詞彙比較,釋義"
bì,"詞目,詞彙比較"
bìn,詞彙比較
bí,"詞目,例句,又唸作,詞彙比較,名,姓,釋義"
bín,"詞目,例句,又唸作,詞彙比較,名,姓"
bíng,"詞目,例句,名"
bî,"詞目,例句,又唸作,詞彙比較,名,姓"
bîn,"詞目,例句,又唸作,詞彙比較,名,姓,釋義"
bîng,"詞目,例句,又唸作,詞彙比較,名,姓"
bòng,"詞目,例句,詞彙比較"
bòo,詞目
bó,"詞目,例句,又唸作,詞彙比較,名,釋義"
bóng,"詞目,例句,名,姓"
bóo,"詞目,例句,又唸作,詞彙比較,名,姓"
bór,詞彙比較
bô,"詞目,例句,又唸作,詞彙比較,釋義"
bông,"詞目,例句,又唸作,詞彙比較,名,姓"
bôo,"詞目,例句,俗唸作,名,姓"
bôr,詞彙比較
bù,詞目
bùn,"詞目,例句,詞彙比較"
bú,"詞目,例句,又唸作,詞彙比較,名,姓"
bún,"詞目,名"
bû,"詞目,例句,又唸作,名,姓,釋義"
bûn,"詞目,例句,又唸作,詞彙比較,名,姓,釋義"
bā,"詞目,例句,詞彙比較,名"
bāi,"詞彙比較,名"
bān,"詞目,例句,又唸作,詞彙比較,名,姓,釋義"
bāng,"詞目,例句,又唸作,詞彙比較,名,姓"
bāu,"詞目,例句,名"
bē,"詞目,例句,又唸作,詞彙比較,名,釋義"
bēr,詞彙比較
běr,詞彙比較
bī,"詞目,例句,又唸作,詞彙比較,名,姓,釋義"
bīn,"詞目,例句,又唸作,詞彙比較,名,釋義"
bīng,"詞目,例句,又唸作,名,姓"
bō,"詞目,例句,詞彙比較,名,姓"
bōng,"詞目,例句,又唸作,詞彙比較,名,姓,釋義"
bōo,"詞目,例句,又唸作,詞彙比較,名,姓"
bōr,詞彙比較
bū,"詞目,例句,又唸作,俗唸作,詞彙比較,名,姓"
būn,"詞目,例句,詞彙比較,名,姓"
bǎ,詞彙比較
bǎn,詞彙比較
bǐ,詞彙比較
bǐn,詞彙比較
bǒ,詞彙比較
bǔ,詞彙比較
bǔn,詞彙比較
e,"詞目,例句,又唸作,詞彙比較,名,釋義"
eh,"詞目,例句,又唸作,詞彙比較,名,姓"
enn,"詞目,例句,又唸作,詞彙比較,名"
er,詞彙比較
erh,詞彙比較
erê,詞彙比較
erē,詞彙比較
e̍h,"詞目,例句,又唸作,名"
e̍rh,詞彙比較
ga,"詞目,詞彙比較"
gam,名
gan,名
gap,"名,姓"
gat,詞彙比較
ga̍k,"詞目,例句,又唸作,名,姓"
ga̍t,詞彙比較
geh,詞目
gereh,詞彙比較
gerē,詞彙比較
ge̍h,"詞目,又唸作,詞彙比較,名,姓"
ge̍rh,詞彙比較
gi,詞彙比較
gia,詞彙比較
giah,"詞目,例句"
gian,名
giang,"詞目,例句"
giap,"詞目,例句,詞彙比較"
giat,"詞目,名"
gia̍h,"詞目,例句,詞彙比較,名"
gia̍k,名
gia̍p,"詞目,例句,又唸作,詞彙比較,名,姓"
gia̍t,"詞目,例句,名"
gio,詞彙比較
giok,"詞目,詞彙比較,名"
gio̍h,"詞目,例句,又唸作,詞彙比較,名"
gio̍k,"詞目,例句,又唸作,名,姓"
git,名
giàn,"詞目,例句"
giàng,"詞目,例句"
giàu,"詞彙比較,名"
giá,名
giám,"詞目,例句,名"
gián,"詞目,例句,名"
giáng,"詞彙比較,名,姓"
giáu,"詞彙比較,名,姓"
giâ,"詞目,例句,又唸作,詞彙比較,名,釋義"
giâm,"詞目,例句,又唸作,名,姓"
giân,"詞目,例句,名,姓"
giâu,"詞目,例句,名,姓"
gió,"又唸作,詞彙比較,名,姓"
gióng,"詞目,詞彙比較,名,姓"
gióo,詞目
giô,"詞目,例句,又唸作,詞彙比較,名"
giông,"名,姓"
giôr,詞彙比較
giú,"又唸作,詞彙比較"
giû,"詞目,詞彙比較,名,姓"
giā,詞彙比較
giām,"詞目,例句,名"
giān,"詞目,例句,名,姓"
giāng,"詞目,詞彙比較"
giāu,名
giō,"詞目,例句,詞彙比較,名"
giōng,"名,姓"
giōr,詞彙比較
giǎng,詞彙比較
giǒ,詞彙比較
gi̍k,"詞目,例句,名"
gi̍p,"名,姓"
gi̍t,"詞彙比較,名,姓"
gok,又唸作
goo,詞目
go̍k,"詞目,又唸作,詞彙比較,名,姓"
gua̍t,"詞目,例句,又唸作,名"
gueh,"詞彙比較,名"
gue̍h,"詞目,例句,又唸作,詞彙比較,名,姓,釋義"
guh,詞目
gut,"名,姓"
guá,"詞目,例句,詞彙比較,名"
guán,"詞目,例句,名,釋義"
guân,"詞目,例句,又唸作,詞彙比較,名,姓"
guê,"名,姓"
guí,"名,姓"
guî,"詞目,例句,名,姓"
guā,"詞目,例句,又唸作,詞彙比較,名,釋義"
guān,"詞目,例句,名"
guē,"詞目,例句,又唸作,詞彙比較,名"
guī,"詞目,名,姓"
guǎ,詞彙比較
gu̍t,"名,姓"
gà,"詞目,詞彙比較"
gàn,"詞目,例句,詞彙比較,名"
gá,"詞目,例句,詞彙比較"
gái,名
gám,又唸作
gán,"詞目,例句,又唸作,詞彙比較,名"
gâ,"詞目,例句,名,姓"
gâi,"詞目,詞彙比較,名"
gâm,"詞目,例句,又唸作,名,姓"
gân,"詞目,例句,又唸作,詞彙比較,名,姓"
gâu,"詞目,例句,名"
gè,"詞目,例句"
gé,名
gê,"詞目,例句,又唸作,詞彙比較,名,姓,釋義"
gì,詞目
gìm,"詞目,例句"
gìn,名
gí,"詞目,例句,又唸作,詞彙比較,名,姓"
gím,"詞目,例句,又唸作,詞彙比較,名,姓"
gín,"詞目,例句,又唸作,合音唸作,詞彙比較,名"
gíng,"詞目,例句,又唸作,詞彙比較,名"
gî,"詞目,例句,又唸作,詞彙比較,名,姓"
gîm,"詞目,例句,又唸作,名,姓"
gîn,"詞目,例句,詞彙比較,名,姓,釋義"
gîng,"詞目,例句,又唸作,詞彙比較,名"
gîr,詞彙比較
gîrn,詞彙比較
gò,又唸作
gòo,"詞目,詞彙比較"
góo,"詞目,名,姓"
gô,"詞目,例句,詞彙比較,名,姓"
gông,"詞目,例句,名,姓"
gôo,"詞目,又唸作,詞彙比較,名,姓"
gôr,詞彙比較
gù,詞目
gùn,名
gú,"詞目,例句,又唸作,名"
gún,"又唸作,詞彙比較,名"
gû,"詞目,例句,又唸作,詞彙比較,名,姓,釋義"
gûn,"詞目,詞彙比較,名,姓"
gā,名
gāi,"詞目,例句,又唸作,名,姓,釋義"
gām,"詞目,例句"
gān,"詞目,例句,又唸作,名,姓"
gāng,"詞目,例句"
gē,"詞目,例句,名,姓"
gēr,詞彙比較
gī,"詞目,例句,又唸作,詞彙比較,名,姓"
gīm,"詞目,例句,名,姓"
gīn,"詞目,例句,名"
gīng,"詞目,名"
gō,"詞目,例句,詞彙比較,名"
gōng,"詞目,例句,詞彙比較,名"
gōo,"詞目,例句,又唸作,詞彙比較,名,姓,釋義"
gōr,詞彙比較
gū,"詞目,例句,詞彙比較,名,姓,釋義"
gūn,詞彙比較
gǒo,詞彙比較
ha,"詞目,例句,詞彙比較,名"
hah,"詞目,例句,又唸作,詞彙比較"
hai,"詞目,例句,詞彙比較,名,姓"
haih,"詞目,例句"
hainn,"詞目,例句"
hainnh,詞彙比較
hai̍h,詞彙比較
hak,"詞目,例句,名"
ham,"詞目,例句,詞彙比較,名,姓"
han,"詞目,例句,詞彙比較,名"
hang,"詞目,例句,詞彙比較,名,釋義"
hannh,"詞目,例句,名"
hap,"詞目,例句,名"
hat,"詞目,例句,名,姓"
hau,"詞目,例句,詞彙比較,名"
ha̋i,"詞目,又唸作"
ha̋n,詞目
ha̋ng,詞目
ha̍h,"詞目,例句,詞彙比較,名"
ha̍k,"詞目,例句,又唸作,詞彙比較,名,釋義"
ha̍p,"詞目,例句,又唸作,名,姓"
ha̍t,"詞目,例句,名"
ha̍unnh,"詞目,詞彙比較"
he,"詞目,例句,詞彙比較,名,姓"
heh,"詞目,例句,又唸作,詞彙比較,名"
hennh,又唸作
her,詞彙比較
hi,"詞目,例句,又唸作,名,姓"
hia,"詞目,例句,又唸作,詞彙比較,名,釋義"
hiah,"詞目,例句"
hiam,"詞目,例句,詞彙比較,名"
hian,"詞目,例句,名,姓"
hiang,"詞目,例句,詞彙比較,名,姓,釋義"
hiann,"詞目,例句,又唸作,詞彙比較,名,釋義"
hiannh,"詞目,例句,名"
hiap,"詞彙比較,名"
hiat,"詞目,例句,又唸作,詞彙比較,名"
hiau,"詞目,例句,又唸作,詞彙比較,名"
hiauh,"詞目,例句"
hia̍h,"詞目,例句,詞彙比較,名"
hia̍p,"詞目,例句,又唸作,詞彙比較,名,姓"
hia̍t,"詞目,例句,名"
hik,"詞目,名,姓"
him,"詞目,例句,名,姓"
hin,"詞目,又唸作,名,姓"
hing,"詞目,例句,又唸作,詞彙比較,名,姓"
hinnh,詞目
hioh,"詞目,例句,又唸作,詞彙比較,名"
hiok,"詞目,名,姓"
hiong,"詞目,例句,又唸作,詞彙比較,名,姓,釋義"
hionn,"詞彙比較,名,姓"
hiorh,詞彙比較
hio̍h,"詞目,例句,詞彙比較,名"
hio̍rh,詞彙比較
hip,"詞目,例句,又唸作,詞彙比較,名"
hit,"詞目,例句,又唸作,詞彙比較,名"
hiu,"詞目,例句,詞彙比較,名"
hiunn,"詞目,例句,又唸作,詞彙比較,名,姓"
hiàm,"詞目,例句,名"
hiàn,"詞目,例句,又唸作,名,釋義"
hiàng,"詞目,例句,詞彙比較,名,姓,釋義"
hiànn,"詞目,例句"
hiàu,詞彙比較
hiám,"詞目,例句,又唸作,俗唸作,名"
hián,"詞目,例句,名"
hiáng,"詞目,例句,又唸作,詞彙比較,名"
hiánn,"詞目,例句,名"
hiáu,"詞目,例句,詞彙比較,名,姓"
hiâ,"詞目,詞彙比較"
hiâm,"詞目,例句,名"
hiân,"詞目,例句,名,姓,釋義"
hiânn,"詞目,例句,名"
hiâu,"詞目,例句,名"
hiòng,"詞目,例句,又唸作,名,姓"
hió,"名,姓"
hióng,"詞目,例句,又唸作,名"
hiô,"詞彙比較,名,姓"
hiông,"詞目,例句,名"
hiù,"詞目,例句,詞彙比較,名"
hiú,"詞目,例句,名"
hiû,"詞目,例句,名"
hiā,"詞目,例句,詞彙比較,名,姓"
hiān,"詞目,例句,又唸作,名,姓"
hiānn,"詞目,詞彙比較,名,姓"
hiō,"詞目,例句,又唸作,俗唸作,詞彙比較,名,姓"
hiū,名
hiǎ,詞彙比較
hi̍k,"詞目,例句,名,姓"
hi̍nnh,詞目
hmh,"詞目,例句,又唸作,詞彙比較,名"
hm̂,"詞目,詞彙比較,名,姓"
hm̍h,"詞目,例句"
hng,"詞目,例句,又唸作,詞彙比較,名,姓"
hngh,"詞目,例句"
hn̂g,"詞目,例句,又唸作,詞彙比較,名"
hn̄g,"詞目,例句,名"
ho,"詞目,名,姓"
hok,"詞目,例句,又唸作,詞彙比較,名,姓"
hong,"詞目,例句,又唸作,詞彙比較,名,姓,釋義"
honn,"詞目,例句,詞彙比較"
honnh,"詞目,例句"
hoo,"詞目,例句,合音唸作,詞彙比較,名,姓"
hooh,"詞目,例句"
hop,"又唸作,詞彙比較"
ho̍h,"詞目,名,姓"
ho̍k,"詞目,例句,俗唸作,詞彙比較,名,姓"
hu,"詞目,例句,又唸作,詞彙比較,名,姓"
hua,"詞目,例句,又唸作,詞彙比較,名,姓"
huah,"詞目,例句,詞彙比較,名"
huainnh,詞目
huan,"詞目,例句,又唸作,詞彙比較,名,姓,釋義"
huang,詞彙比較
huann,"詞目,例句,名"
huat,"詞目,例句,又唸作,詞彙比較,名,姓,釋義"
hua̍h,"詞目,例句,詞彙比較,名"
hua̍t,"詞目,例句,又唸作,名,姓"
hue,"詞目,例句,又唸作,俗唸作,詞彙比較,名,姓"
hueh,"詞目,例句,又唸作,詞彙比較,名"
huh,詞目
hui,"詞目,例句,又唸作,俗唸作,詞彙比較,名,姓"
huih,"詞目,又唸作,詞彙比較,名"
huinn,"詞彙比較,名,姓"
hun,"詞目,例句,又唸作,詞彙比較,名,姓"
hut,"詞目,例句,詞彙比較,名,姓"
huà,"詞目,例句,又唸作,名,姓"
huài,名
huàinn,詞目
huàn,"詞目,例句,詞彙比較,名,姓"
huá,名
huán,"詞目,例句,詞彙比較,名"
huánn,"詞目,例句,名"
huâ,"詞目,例句,名"
huâi,"詞目,例句,又唸作,詞彙比較,名,姓"
huâinn,"詞目,例句,詞彙比較,名,姓"
huân,"詞目,例句,又唸作,名,姓"
huânn,"詞目,例句"
huè,"詞目,例句,又唸作,詞彙比較,名,姓,釋義"
hué,"詞目,例句,又唸作,詞彙比較,名,姓"
huê,"詞目,例句,又唸作,俗唸作,詞彙比較,名,姓"
huênn,又唸作
huì,"詞目,例句,又唸作,名,姓"
huí,"詞目,例句,名,姓"
huî,"詞目,例句,又唸作,名,姓,釋義"
huînn,"詞目,又唸作,詞彙比較,名,姓"
huā,"詞目,例句,詞彙比較,名,姓"
huāi,"詞目,例句,名"
huān,"詞目,例句,名,姓,釋義"
huānn,"詞目,例句,又唸作,詞彙比較,名,姓"
huē,"詞目,例句,又唸作,俗唸作,詞彙比較,名,釋義"
huě,詞彙比較
huī,"詞目,例句,又唸作,名,姓"
huīnn,名
huǎ,詞彙比較
huǎnn,詞彙比較
hu̍t,"詞目,例句,又唸作,詞彙比較,名,姓,釋義"
hà,"詞目,例句,名,姓"
hài,詞目
hàinn,"詞目,例句,詞彙比較"
hàm,"詞目,例句,詞彙比較,名"
hàn,"詞目,例句,詞彙比較,名,姓"
hàng,"詞目,例句,又唸作"
hànn,詞彙比較
hàu,"詞目,例句,詞彙比較,名"
há,"詞目,詞彙比較"
hái,"詞目,例句,又唸作,詞彙比較,名,姓,釋義"
hám,"詞目,例句,詞彙比較,名"
hán,"詞目,例句,名,姓,釋義"
háng,"詞彙比較,名"
hánn,"詞目,例句"
háu,"詞目,例句,詞彙比較,名,姓"
hâ,"詞目,例句,詞彙比較,名,姓"
hâi,"詞目,例句,俗唸作,詞彙比較,名,釋義"
hâinn,"又唸作,名"
hâm,"詞目,例句,又唸作,名,姓"
hân,"詞目,例句,又唸作,詞彙比較,名,姓"
hâng,"詞目,例句,又唸作,詞彙比較,名,姓,釋義"
hâu,"詞目,名,姓"
hè,"詞目,又唸作,詞彙比較,名,姓"
hènn,詞彙比較
hèr,詞彙比較
hé,"詞目,又唸作,詞彙比較,名,姓"
hér,詞彙比較
hê,"詞目,例句,又唸作,詞彙比較,名,姓,釋義"
hêr,詞彙比較
hì,"詞目,例句,又唸作,詞彙比較,名,姓"
hìm,名
hìn,名
hìng,"詞目,例句,名"
hìnn,"詞目,例句"
hí,"詞目,例句,俗唸作,詞彙比較,名,姓"
híng,名
hî,"詞目,例句,又唸作,詞彙比較,名,姓,釋義"
hîm,"詞目,例句,名,姓"
hîn,"詞目,例句,詞彙比較,名"
hîng,"詞目,例句,又唸作,詞彙比較,名,姓"
hîr,詞彙比較
hò,詞目
hòng,"詞目,例句,又唸作,名,姓"
hònn,"詞目,例句,名"
hòo,"詞目,例句,名"
hó,"詞目,例句,又唸作,詞彙比較,名,姓"
hóm,詞彙比較
hóng,"詞目,例句,又唸作,名,釋義"
hónn,"詞目,名"
hóo,"詞目,例句,又唸作,詞彙比較,名,姓,釋義"
hór,詞彙比較
hô,"詞目,例句,又唸作,詞彙比較,名,姓"
hông,"詞目,例句,又唸作,詞彙比較,名,姓,釋義"
hôo,"詞目,例句,又唸作,詞彙比較,名,姓"
hôr,詞彙比較
hù,"詞目,例句,又唸作,名,姓"
hùn,"詞目,例句,名"
hú,"詞目,例句,又唸作,詞彙比較,名,姓"
hún,"詞目,例句,又唸作,俗唸作,詞彙比較,名,姓,釋義"
hû,"詞目,例句,又唸作,詞彙比較,名,姓"
hûn,"詞目,例句,詞彙比較,名,姓"
hā,"詞目,例句,又唸作,詞彙比較,名,姓"
hāi,"詞目,例句,又唸作,名,釋義"
hām,"詞目,例句,又唸作,名"
hān,"詞目,例句,又唸作,詞彙比較,名,姓"
hāng,"詞目,例句,詞彙比較,名,姓"
hānn,"詞目,例句"
hāu,"詞目,例句,又唸作,詞彙比較,名,姓,釋義"
hē,"詞目,例句,又唸作,詞彙比較,名,姓"
hēnn,詞彙比較
hī,"詞目,詞彙比較,名"
hīn,"詞目,例句,名"
hīng,"詞目,例句,詞彙比較,名,姓"
hīnn,"詞目,例句,詞彙比較,名,姓,釋義"
hō,"詞目,例句,又唸作,名,姓"
hōng,"詞目,例句,又唸作,詞彙比較,名,姓"
hōo,"詞目,例句,又唸作,詞彙比較,名,姓,釋義"
hőng,詞彙比較
hū,"詞目,例句,又唸作,詞彙比較,名"
hūn,"詞目,例句,又唸作,詞彙比較,名"
hǎu,詞彙比較
hǐ,詞彙比較
hǐng,詞彙比較
hǒo,詞彙比較
hǔ,詞彙比較
i,"詞目,例句,又唸作,詞彙比較,名,姓"
ia,"詞目,例句"
iah,"詞目,例句,又唸作,名,姓,釋義"
iak,名
iam,"詞目,例句,詞彙比較,名,姓"
ian,"詞目,例句,俗唸作,詞彙比較,名,姓"
iang,"詞目,例句,又唸作,詞彙比較,名,姓"
iann,"詞目,例句,名"
iap,"詞目,例句,名"
iat,"詞目,名"
iau,"詞目,例句,又唸作,詞彙比較,名,姓"
iaunn,"詞目,詞彙比較"
ia̋n,"詞目,例句"
ia̋ng,詞彙比較
ia̍h,"詞目,例句,又唸作,詞彙比較,名,姓"
ia̍k,名
ia̍p,"詞目,名,姓"
ia̍t,"詞目,例句,名,姓"
ik,"詞目,例句,又唸作,詞彙比較,名,姓"
im,"詞目,例句,又唸作,俗唸作,詞彙比較,名"
in,"詞目,例句,又唸作,詞彙比較,名,姓,釋義"
ing,"詞目,例句,合音唸作,詞彙比較,名,姓"
inn,"詞目,例句,詞彙比較,名"
innh,詞目
io,"詞目,例句,詞彙比較,名,姓,釋義"
ioh,"詞目,例句,詞彙比較,名,姓"
iok,"詞目,例句,名,姓"
iong,"詞目,例句,詞彙比較,名,姓"
ionn,名
ior,詞彙比較
iorh,詞彙比較
io̍h,"詞目,例句,又唸作,詞彙比較,名"
io̍k,"詞目,例句,名,姓"
io̍rh,詞彙比較
ip,"詞目,詞彙比較,名,釋義"
irh,詞彙比較
it,"詞目,例句,又唸作,詞彙比較,名,姓,釋義"
iu,"詞目,例句,名,姓"
iunn,"詞目,例句,名"
ià,"詞目,例句,詞彙比較"
iàm,名
iàn,"詞目,例句,名"
iàng,名
iànn,"詞目,例句"
iàu,"詞目,例句,詞彙比較,名"
iá,"詞目,例句,又唸作,詞彙比較,名,姓"
iám,"詞目,例句,名,姓"
ián,"詞目,例句,又唸作,名,姓"
iáng,"詞彙比較,名"
iánn,"詞目,例句,又唸作,詞彙比較,名"
iáu,"詞目,例句,詞彙比較,名"
iâ,"詞目,例句,詞彙比較,名,姓,釋義"
iâm,"詞目,例句,詞彙比較,名,姓"
iân,"詞目,例句,又唸作,合音唸作,俗唸作,詞彙比較,名,姓"
iâng,"詞目,例句,詞彙比較,名,姓"
iânn,"詞目,例句,俗唸作,名,姓"
iâu,"詞目,例句,名,姓"
iò,名
iòng,"詞目,詞彙比較,名"
ió,"詞目,例句,詞彙比較,名,姓"
ióng,"詞目,例句,俗唸作,詞彙比較,名,姓"
iónn,"詞彙比較,名,姓"
iô,"詞目,例句,詞彙比較,名"
iông,"詞目,例句,又唸作,詞彙比較,名,姓"
iônn,"詞彙比較,名,姓"
iôr,詞彙比較
iù,"詞目,例句,名,釋義"
iú,"詞目,例句,又唸作,詞彙比較,名,姓,釋義"
iúnn,"詞目,例句,又唸作,詞彙比較,名,姓"
iû,"詞目,例句,又唸作,詞彙比較,名,姓"
iûnn,"詞目,例句,又唸作,詞彙比較,名,姓"
iā,"詞目,例句,又唸作,詞彙比較,名"
iām,"詞目,例句,名,姓"
iān,名
iāng,"詞目,例句,詞彙比較,名"
iānn,"詞目,例句,又唸作,名"
iāu,"詞目,例句,又唸作,名,姓"
iō,"詞目,例句,詞彙比較"
iōng,"詞目,例句,又唸作,名"
iōnn,名
iő,詞目
iū,"詞目,例句,又唸作,詞彙比較,名,姓"
iūnn,"詞目,例句,又唸作,名"
iǎ,詞彙比較
iǎng,詞彙比較
iǔ,詞彙比較
i̋ng,"合音唸作,詞彙比較"
i̍k,"詞目,例句,又唸作,詞彙比較,名,姓"
i̍t,"詞目,名,姓"
ji,"詞目,詞彙比較"
jia,"詞目,例句,詞彙比較,名"
jiah,"詞目,例句,又唸作"
jiak,"詞目,詞彙比較"
jiap,名
jia̍p,"詞目,例句,名"
jia̍t,"詞目,例句,又唸作,詞彙比較,名"
jik,詞彙比較
jiok,"詞目,例句,詞彙比較"
jio̍k,"詞目,例句,又唸作,名,姓"
jip,"詞彙比較,名"
jià,"詞目,詞彙比較"
jiàn,詞目
jiàu,"詞目,例句,詞彙比較,名"
jiá,"詞目,例句,又唸作,詞彙比較,名"
jiám,"詞目,例句,詞彙比較,名,姓"
jián,名
jiáng,"詞目,例句,詞彙比較,名"
jiáu,"詞目,例句,又唸作,詞彙比較,名,姓"
jiâm,詞目
jiân,"詞目,例句,又唸作,詞彙比較,名"
jiâu,"詞目,例句,名,姓"
jiòo,詞目
jió,詞目
jióng,"又唸作,詞彙比較,名"
jióo,詞目
jiông,"詞目,例句,又唸作,名,姓"
jiú,名
jiû,"詞目,例句,詞彙比較,名,姓"
jiām,名
jiāng,"詞目,例句,詞彙比較,名"
jiāu,名
jiō,"詞目,例句,詞彙比較,名"
jiōng,"詞目,名,姓"
jiōr,詞彙比較
ji̋n,詞彙比較
ji̍h,"又唸作,詞彙比較,名"
ji̍p,"詞目,例句,又唸作,名,姓"
ji̍t,"詞目,例句,又唸作,詞彙比較,名,姓,釋義"
juat,名
jua̍h,"詞目,例句,詞彙比較,名"
jua̍t,名
juán,"詞彙比較,名"
juân,名
juê,"詞目,例句,名"
juî,名
juā,"又唸作,詞彙比較"
juē,"詞目,名,姓"
jê,名
jì,詞目
jí,"詞目,例句,又唸作,詞彙比較,名,姓"
jím,"詞目,例句,又唸作,名,姓,釋義"
jín,"詞目,例句,詞彙比較,釋義"
jínn,"又唸作,詞彙比較,名"
jî,"詞目,例句,又唸作,詞彙比較,名,姓"
jîm,"詞目,例句,名,姓"
jîn,"詞目,例句,又唸作,詞彙比較,名,姓,釋義"
jîng,名
jú,"詞目,例句,詞彙比較,名,姓"
jún,名
jû,"詞目,例句,又唸作,名,姓"
jī,"詞目,例句,又唸作,詞彙比較,名,姓,釋義"
jīm,"詞目,例句,又唸作,名,姓"
jīn,"詞目,例句,又唸作,詞彙比較,名"
jū,"詞目,例句,又唸作,名,姓"
jūn,"詞目,例句,詞彙比較,名,姓"
ka,"詞目,例句,又唸作,詞彙比較,名,姓"
kah,"詞目,例句,又唸作,詞彙比較,名,姓,釋義"
kai,"詞目,例句,又唸作,詞彙比較,名,姓"
kainn,"詞目,例句,詞彙比較,名"
kak,"詞目,例句,又唸作,俗唸作,詞彙比較,名,姓,釋義"
kam,"詞目,例句,又唸作,詞彙比較,名,姓,釋義"
kan,"詞目,例句,又唸作,詞彙比較,名,姓"
kang,"詞目,例句,又唸作,詞彙比較,名,姓,釋義"
kann,"詞目,例句,又唸作,詞彙比較,名"
kap,"詞目,例句,詞彙比較,名"
kat,"詞目,例句,又唸作,詞彙比較,名,姓"
kau,"詞目,例句,又唸作,詞彙比較,名,姓,釋義"
kauh,"詞目,例句,詞彙比較"
ka̍k,"詞目,例句"
ke,"詞目,例句,又唸作,詞彙比較,名,姓"
keh,"詞目,例句,又唸作,詞彙比較,名,姓"
kenn,"詞目,例句,詞彙比較,名,姓,釋義"
kere,詞彙比較
kerh,詞彙比較
kerè,詞彙比較
kerê,詞彙比較
ke̍h,"詞目,例句"
kha,"詞目,例句,又唸作,詞彙比較,名,釋義"
khah,"詞目,例句,詞彙比較,姓"
khai,"詞目,例句,又唸作,詞彙比較,名"
khainn,"詞目,例句"
khak,"詞目,例句,詞彙比較,名,釋義"
kham,"詞目,例句,又唸作,俗唸作,名,姓,釋義"
khan,"詞目,例句,詞彙比較,名"
khang,"詞目,例句,又唸作,詞彙比較,名,釋義"
khann,"詞目,例句,詞彙比較"
khap,"詞目,例句,詞彙比較,名,姓"
khat,"詞目,例句,詞彙比較,名"
khau,"詞目,例句,又唸作,詞彙比較,名"
kha̋n,詞目
kha̋ng,詞目
kha̍h,"詞目,例句"
kha̍k,"詞目,例句"
kha̍p,"詞目,例句,名,釋義"
kha̍unnh,"詞目,例句"
khe,"詞目,例句,又唸作,詞彙比較,名,姓"
kheh,"詞目,例句,又唸作,詞彙比較,名"
khenn,"詞目,例句,又唸作,詞彙比較,名"
kher,詞彙比較
khere,詞彙比較
khereh,詞彙比較
kherè,詞彙比較
khe̍h,"詞目,例句"
khe̍nnh,"詞目,例句"
khi,"詞目,例句,名,姓"
khia,"詞目,例句,詞彙比較,名,姓"
khiah,"詞目,例句,名"
khiak,名
khiam,"詞目,例句,俗唸作,名"
khian,"詞目,例句,名,姓"
khiang,"詞目,例句,詞彙比較,名,姓"
khiann,詞彙比較
khiap,"詞目,例句,詞彙比較,名,姓"
khiat,"詞目,例句,又唸作,詞彙比較,名,姓"
khiau,"詞目,例句,又唸作,詞彙比較,名,姓"
khia̍h,詞彙比較
khia̍k,"詞目,例句,詞彙比較"
khia̍t,"詞目,例句,俗唸作,名"
khih,"詞目,例句,詞彙比較,名"
khik,"詞目,例句,又唸作,詞彙比較,名,姓"
khim,"詞目,例句,詞彙比較,名,姓"
khin,"詞目,例句,詞彙比較,名"
khing,"詞目,例句,又唸作,詞彙比較,名,姓"
khinn,"詞目,詞彙比較,名"
khio,名
khioh,"詞目,例句,又唸作,詞彙比較,名,釋義"
khiok,"詞目,例句,又唸作,名,姓"
khiong,"詞目,名,姓"
khionn,名
khiorh,詞彙比較
khip,"詞目,例句,詞彙比較,名,姓"
khit,"詞目,例句,詞彙比較,名,釋義"
khiu,"詞目,名,姓"
khiunn,"詞目,例句,名,姓"
khiàm,"詞目,例句,又唸作,名"
khiàn,"詞目,例句,又唸作,名"
khiàng,"詞目,例句"
khiàu,"詞目,例句,名"
khiám,"又唸作,名"
khián,"詞目,例句,名"
khiáu,"詞目,例句,名,姓"
khiâ,"詞目,例句,名"
khiâm,"詞目,名"
khiân,"詞目,例句,名,姓"
khiò,"詞目,例句,又唸作,名,姓"
khiòng,名
khió,"詞目,例句,名"
khióng,"詞目,例句,名"
khiông,"詞目,名,姓"
khiú,"詞目,例句,名"
khiû,"詞目,例句,又唸作,詞彙比較,名"
khiā,"詞目,例句,詞彙比較"
khiām,"詞目,例句,詞彙比較,名"
khiōnn,詞彙比較
khiū,"詞目,例句"
khiūnn,"詞目,例句,詞彙比較"
khiű,詞目
khiǎ,詞彙比較
khiǎm,詞彙比較
khi̍p,"詞目,例句,又唸作,詞彙比較,名"
khi̍t,"詞目,例句,詞彙比較"
khng,"詞目,例句,名,姓"
khngh,"詞目,例句"
kho,"詞目,例句,又唸作,名,姓"
khok,"詞目,例句,又唸作,詞彙比較,名"
khong,"詞目,例句,又唸作,詞彙比較,名,姓"
khoo,"詞目,例句,又唸作,詞彙比較,名,姓"
khooh,詞目
kho̍k,"詞目,例句,詞彙比較,名,釋義"
khu,"詞目,例句,又唸作,詞彙比較,名,姓"
khua,"詞目,例句,名"
khuah,"詞目,例句,詞彙比較,名,姓"
khuan,"詞目,例句,又唸作,名"
khuann,"詞目,例句,名,姓"
khuat,"詞目,例句,又唸作,名,姓"
khue,"詞目,例句,又唸作,詞彙比較,名"
khueh,"詞目,例句,詞彙比較,名"
khuh,"詞目,例句,又唸作,詞彙比較"
khui,"詞目,例句,又唸作,詞彙比較,名,姓,釋義"
khun,"詞目,例句,名,姓"
khut,"詞目,例句,詞彙比較,名,姓"
khuà,"詞目,例句,又唸作,名"
khuài,"詞目,例句,名"
khuàinn,名
khuàn,"詞目,例句,名"
khuànn,"詞目,例句,又唸作,詞彙比較,名"
khuá,"詞目,例句,名,姓"
khuái,名
khuán,"詞目,例句,又唸作,名,釋義"
khuánn,"詞目,例句,又唸作,名"
khuân,"詞目,例句,又唸作,名,姓,釋義"
khuè,"詞目,例句,詞彙比較,名"
khuê,"詞目,例句,詞彙比較,名"
khuì,"詞目,例句,又唸作,詞彙比較,名,釋義"
khuìnn,"詞目,例句,名"
khuí,"詞目,名"
khu̍t,"詞目,例句,詞彙比較"
khà,"詞目,例句,詞彙比較"
khài,"詞目,例句,又唸作,名"
khàm,"詞目,例句,又唸作,詞彙比較,名,姓"
khàn,"詞目,例句,詞彙比較,名"
khàng,"詞目,例句,名"
khàu,"詞目,例句,又唸作,詞彙比較,名"
khá,"詞目,例句,又唸作,名,姓"
khái,"詞目,名,姓"
kháinn,"詞目,例句,又唸作"
khám,"詞目,例句,詞彙比較,名,姓"
khán,名
kháng,"詞目,詞彙比較,名"
kháu,"詞目,例句,又唸作,詞彙比較,名,姓,釋義"
khâm,"詞目,詞彙比較"
khè,"詞目,例句,又唸作,詞彙比較,名"
khèr,詞彙比較
khé,"詞目,例句,又唸作,名"
khê,"詞目,例句,詞彙比較,名"
khêr,詞彙比較
khì,"詞目,例句,又唸作,詞彙比較,名,釋義"
khìng,"詞目,例句,名,姓"
khìr,詞彙比較
khí,"詞目,例句,又唸作,詞彙比較,名,姓,釋義"
khím,"詞目,俗唸作,名"
khín,"詞目,又唸作,名"
khíng,"詞目,例句,名,姓"
khî,"詞目,例句,又唸作,詞彙比較,名"
khîm,"詞目,例句,又唸作,名,姓,釋義"
khîn,"詞目,例句,名,姓"
khîng,"詞目,例句,名,姓"
khînn,"詞目,例句,詞彙比較,名"
khîrn,詞彙比較
khò,"詞目,例句,又唸作,詞彙比較,名,姓,釋義"
khòng,"詞目,例句,又唸作,詞彙比較,名,姓"
khòo,"詞目,例句,詞彙比較,名,姓,釋義"
khòr,詞彙比較
khó,"詞目,例句,又唸作,詞彙比較,名,姓"
khóng,"詞目,例句,詞彙比較,名,姓,釋義"
khónn,"又唸作,名,姓"
khóo,"詞目,例句,又唸作,詞彙比較,名,姓,釋義"
khór,詞彙比較
khô,"詞目,例句,詞彙比較"
không,詞目
khôr,詞彙比較
khù,"詞目,詞彙比較,名"
khùn,"詞目,例句,又唸作,詞彙比較,名"
khú,"詞目,名"
khún,"詞目,例句,名"
khû,"詞目,例句,姓"
khûn,"詞目,例句,名,姓"
khā,名
khī,"詞目,例句,又唸作,俗唸作,詞彙比較,名"
khīng,"詞目,例句,名"
khōng,"詞目,例句,又唸作"
khū,"詞目,例句,又唸作,詞彙比較,名,姓"
khǐ,詞彙比較
khǔ,詞彙比較
khǹg,"詞目,例句,名"
ki,"詞目,例句,又唸作,俗唸作,詞彙比較,名,姓"
kia,"又唸作,詞彙比較,名,姓"
kiah,詞彙比較
kiam,"詞目,例句,名"
kian,"詞目,例句,名,姓"
kiang,"詞彙比較,名,姓"
kiann,"詞目,例句,又唸作,詞彙比較,名"
kiap,"詞目,例句,名,姓"
kiat,"詞目,例句,又唸作,詞彙比較,名,姓"
kiau,"詞目,例句,詞彙比較,名"
kia̍h,"詞目,例句,詞彙比較,名"
kia̍k,"詞目,例句,名"
kia̍t,"詞目,例句,名,姓"
kih,詞目
kik,"詞目,例句,又唸作,名,姓"
kim,"詞目,例句,又唸作,詞彙比較,名,姓,釋義"
kin,"詞目,例句,詞彙比較,名,姓,釋義"
king,"詞目,例句,又唸作,合音唸作,詞彙比較,名,姓,釋義"
kinn,"詞目,例句,詞彙比較,名,姓"
kio,名
kioh,"詞目,例句,詞彙比較,名"
kiok,"詞目,例句,詞彙比較,名,姓"
kiong,"詞目,例句,又唸作,詞彙比較,名,姓"
kionn,"詞彙比較,名"
kio̍k,"詞目,例句,又唸作,名,姓"
kip,"詞目,例句,又唸作,俗唸作,名,姓"
kirn,詞彙比較
kit,"又唸作,詞彙比較"
kiu,"詞目,例句,名"
kiunn,"詞目,例句,又唸作,詞彙比較,名"
kià,"詞目,例句,詞彙比較,名"
kiàm,"詞目,例句,詞彙比較,名"
kiàn,"詞目,例句,合音唸作,詞彙比較,名,姓"
kiànn,"詞目,例句,詞彙比較,名,姓"
kiàu,"詞目,例句,名"
kiám,"詞目,例句,又唸作,名"
kián,"詞目,詞彙比較,名,姓,釋義"
kiáng,名
kiánn,"詞目,例句,又唸作,合音唸作,詞彙比較,名"
kiáu,"詞目,例句,又唸作,詞彙比較,名,姓"
kiâ,"詞彙比較,名"
kiâm,"詞目,例句,又唸作,詞彙比較,名"
kiâng,"名,姓"
kiânn,"詞目,例句,詞彙比較,名"
kiâu,"詞目,例句,詞彙比較,名,姓"
kiò,"詞目,例句,又唸作,詞彙比較,名,姓"
kiòng,名
kió,"名,姓"
kióng,"詞目,例句,又唸作,名,姓"
kiô,"詞目,例句,又唸作,詞彙比較,名,姓"
kiông,"詞目,例句,又唸作,名,姓"
kiôr,詞彙比較
kiù,"詞目,例句,詞彙比較,名"
kiú,"詞目,例句,又唸作,俗唸作,詞彙比較,名,姓"
kiû,"詞目,例句,又唸作,詞彙比較,名,姓"
kiā,"詞目,例句,詞彙比較,姓"
kiām,名
kiān,"詞目,例句,名"
kiāng,"名,姓"
kiānn,"詞目,例句,又唸作,詞彙比較,名"
kiāu,"詞目,例句,詞彙比較,名"
kiō,"詞目,例句,詞彙比較,名"
kiōng,"詞目,例句,名,姓"
kiōr,詞彙比較
kiū,"詞目,例句,名"
kiǎ,詞彙比較
kiǎu,詞彙比較
kiǒ,詞彙比較
ki̍k,"詞目,例句,又唸作,名,姓"
ki̍p,"詞目,例句,名,姓"
kng,"詞目,例句,詞彙比較,名,姓"
ko,"詞目,例句,又唸作,詞彙比較,名,姓,釋義"
koh,"詞目,例句,又唸作,詞彙比較,名,釋義"
kok,"詞目,例句,又唸作,詞彙比較,名,姓"
kong,"詞目,例句,又唸作,俗唸作,詞彙比較,名,姓,釋義"
koo,"詞目,例句,又唸作,合音唸作,詞彙比較,名,姓"
kooh,"詞目,又唸作"
kop,詞彙比較
kor,詞彙比較
ko̍k,"詞目,例句,又唸作,詞彙比較,名"
ku,"詞目,例句,詞彙比較,名,姓"
kua,"詞目,例句,又唸作,詞彙比較,名,姓,釋義"
kuah,"詞目,例句,又唸作,詞彙比較,名,姓"
kuai,"詞目,例句,詞彙比較,名"
kuaih,詞彙比較
kuainn,"詞目,例句,詞彙比較,名"
kuainnh,詞彙比較
kuan,"詞目,例句,又唸作,詞彙比較,名,姓"
kuann,"詞目,例句,又唸作,詞彙比較,名,姓"
kuat,"詞目,例句,又唸作,詞彙比較,名,姓"
kua̍k,詞彙比較
kua̍t,"詞彙比較,名"
kue,"詞目,例句,又唸作,詞彙比較,名,姓,釋義"
kueh,"詞目,例句,又唸作,詞彙比較,名,姓"
kue̍h,"詞目,例句,名"
kuh,"詞目,詞彙比較"
kui,"詞目,例句,詞彙比較,名,姓"
kuih,"詞目,詞彙比較"
kuinn,"詞目,詞彙比較,名,姓"
kun,"詞目,例句,又唸作,俗唸作,詞彙比較,名,姓"
kut,"詞目,例句,又唸作,詞彙比較,名"
kuà,"詞目,例句,又唸作,詞彙比較,名,釋義"
kuài,"詞目,例句,名"
kuàn,"詞目,例句,又唸作,詞彙比較,名,姓"
kuá,"詞目,例句,名,釋義"
kuái,"詞目,例句,詞彙比較,名,姓"
kuáinn,"詞目,例句,詞彙比較,名,釋義"
kuán,"詞目,例句,又唸作,詞彙比較,名,姓,釋義"
kuánn,"詞目,例句,又唸作,名"
kuâinn,"又唸作,詞彙比較,名"
kuân,"詞目,例句,又唸作,詞彙比較,名,姓"
kuânn,"詞目,例句,詞彙比較,名,姓"
kuè,"詞目,例句,又唸作,詞彙比較,名,姓"
kué,"詞目,例句,詞彙比較,名,姓,釋義"
kuê,"詞目,詞彙比較,名"
kuì,"詞目,例句,又唸作,詞彙比較,名,姓"
kuìnn,名
kuí,"詞目,例句,又唸作,詞彙比較,名"
kuínn,"詞彙比較,名,姓"
kuî,"詞目,詞彙比較,名"
kuā,"詞目,例句"
kuāi,詞彙比較
kuāinn,"詞目,例句,名"
kuān,"詞目,例句,又唸作,名"
kuānn,"詞目,例句,詞彙比較,名"
kuī,"詞目,例句,詞彙比較,名,姓,釋義"
kuīnn,名
kuǎnn,詞彙比較
kuǐ,詞彙比較
ku̍t,"詞目,例句,詞彙比較,名,姓"
kà,"詞目,例句,又唸作,詞彙比較,名,姓"
kài,"詞目,例句,又唸作,詞彙比較,名,姓"
kàm,"詞目,例句,又唸作,俗唸作,名,姓"
kàn,"詞目,例句,詞彙比較,名,姓"
kàng,"詞目,例句,名,姓"
kànn,"詞目,例句,又唸作,名"
kàu,"詞目,例句,又唸作,詞彙比較,名,姓"
ká,"詞目,例句,又唸作,詞彙比較,名,姓"
kái,"詞目,例句,又唸作,詞彙比較,名"
káinn,詞彙比較
kám,"詞目,例句,又唸作,詞彙比較,名,釋義"
kán,"詞目,例句,又唸作,合音唸作,詞彙比較,名,姓,釋義"
káng,"詞目,例句,又唸作,俗唸作,詞彙比較,名"
kánn,"詞目,例句,詞彙比較,名"
káu,"詞目,例句,又唸作,詞彙比較,名,姓,釋義"
kâ,名
kâinn,"詞目,例句,詞彙比較"
kâm,"詞目,例句,名"
kâng,又唸作
kânn,"詞目,例句"
kâu,"詞目,例句,又唸作,詞彙比較,名,姓,釋義"
kè,"詞目,例句,又唸作,合音唸作,俗唸作,詞彙比較,名,姓,釋義"
kènn,"詞目,例句,詞彙比較,名"
kèr,詞彙比較
ké,"詞目,例句,詞彙比較,名,姓"
kénn,"詞目,例句,詞彙比較,名,釋義"
kér,詞彙比較
kê,"詞目,例句,詞彙比較,名"
kì,"詞目,例句,又唸作,詞彙比較,名,姓,釋義"
kìm,"詞目,例句,又唸作,詞彙比較,名"
kìn,"詞目,例句,名,姓"
kìng,"詞目,例句,又唸作,俗唸作,名,姓"
kìnn,"詞目,例句,又唸作,合音唸作,詞彙比較,名,姓,釋義"
kí,"詞目,例句,又唸作,詞彙比較,名,姓"
kím,"詞目,又唸作,詞彙比較,名,姓"
kín,"詞目,例句,又唸作,合音唸作,詞彙比較,名"
kíng,"詞目,例句,又唸作,詞彙比較,名,姓"
kínn,"詞目,詞彙比較,名"
kî,"詞目,例句,又唸作,名,姓"
kîn,詞彙比較
kîng,"詞目,例句,名"
kînn,"詞目,例句,又唸作,詞彙比較"
kò,"詞目,例句,又唸作,詞彙比較,名,姓"
kòng,"詞目,例句,詞彙比較,名,姓"
kòo,"詞目,例句,又唸作,詞彙比較,名,姓"
kó,"詞目,例句,詞彙比較,名,姓,釋義"
kóng,"詞目,例句,又唸作,詞彙比較,名,姓,釋義"
kóo,"詞目,例句,又唸作,詞彙比較,名,姓,釋義"
kór,詞彙比較
kô,"詞目,例句,又唸作,俗唸作,詞彙比較,名"
kông,"詞目,例句,名"
kônn,"詞目,例句"
kôo,"詞目,例句,又唸作,詞彙比較,名"
kôr,詞彙比較
kù,"詞目,例句,又唸作,詞彙比較,名,姓,釋義"
kùn,"詞目,例句,名"
kú,"詞目,例句,又唸作,詞彙比較,名,姓"
kún,"詞目,例句,又唸作,詞彙比較,名,姓"
kû,"名,姓"
kûn,"詞目,例句,又唸作,俗唸作,詞彙比較,名,姓"
kā,"詞目,例句,詞彙比較,名,釋義"
kāinn,詞彙比較
kām,"又唸作,詞彙比較"
kāng,"詞目,例句,又唸作,詞彙比較,名,釋義"
kāu,"詞目,例句,名,姓"
kē,"詞目,例句,又唸作,釋義"
kī,"詞目,例句,又唸作,詞彙比較,名,姓"
kīm,"詞目,例句,又唸作,詞彙比較,名,釋義"
kīn,"詞目,例句,又唸作,名,姓"
kīng,"詞目,例句,名,姓"
kńg,"詞目,例句,詞彙比較,名,姓"
kō,"詞目,例句,詞彙比較"
kōo,"詞目,例句"
kū,"詞目,例句,又唸作,詞彙比較,名,姓,釋義"
kūn,"詞目,又唸作,名,姓"
kǎ,詞彙比較
kǎng,詞彙比較
kǐm,詞彙比較
kǔ,詞彙比較
kǹg,"詞目,例句,又唸作,詞彙比較,名"
la,"詞目,又唸作,詞彙比較,名,姓"
la55,詞彙比較
lah,"詞目,例句,詞彙比較"
lai,"詞目,例句"
laih,"合音唸作,釋義"
lak,"詞目,例句,又唸作,詞彙比較"
lam,"詞目,例句,又唸作,詞彙比較,姓"
lan,"詞目,例句"
lang,"詞目,例句,又唸作,詞彙比較,釋義"
lap,"詞目,例句,又唸作,詞彙比較"
lat,名
lau,"詞目,例句,名"
la̋i,"詞目,合音唸作,釋義"
la̍h,"詞目,例句,詞彙比較,名,釋義"
la̍k,"詞目,例句,又唸作,詞彙比較,名,釋義"
la̍p,"詞目,例句,又唸作,詞彙比較,名,姓"
la̍t,"詞目,例句,又唸作,詞彙比較,名,姓"
la̍uh,"詞目,例句,詞彙比較"
le,"詞目,例句,詞彙比較"
leh,"詞目,例句,又唸作,詞彙比較"
ler,詞彙比較
leré,詞彙比較
lerē,詞彙比較
le̍h,"詞目,例句,又唸作,詞彙比較,名"
li,"詞目,例句,詞彙比較"
lia,"詞目,名"
liah,"詞目,例句,又唸作,詞彙比較"
liam,"詞目,例句,詞彙比較,名"
lian,"詞目,例句,又唸作,詞彙比較"
lian51,詞彙比較
liang,"詞目,例句"
liap,"詞目,例句,詞彙比較,名,姓"
lia̋n,"詞目,詞彙比較"
lia̍h,"詞目,例句,詞彙比較,名"
lia̍p,"詞目,例句,詞彙比較,名,姓"
lia̍t,"詞目,例句,又唸作,名"
lih,"詞目,例句,又唸作"
lik,"詞目,例句,名"
lim,"詞目,例句,詞彙比較"
lin,"詞目,例句,又唸作,詞彙比較"
ling,"詞目,例句,又唸作,詞彙比較,釋義"
liok,名
lio̍h,"詞目,例句,名,姓"
lio̍k,"詞目,例句,又唸作,名,姓"
lip,"詞目,詞彙比較"
lir,詞彙比較
lit,"詞目,又唸作,詞彙比較"
liu,"詞目,例句,又唸作,詞彙比較,名"
liàm,"詞目,例句"
liàn,"詞目,例句,詞彙比較,名"
liàu,"詞目,詞彙比較,名"
liá,"詞目,又唸作,名"
liám,"詞目,例句,詞彙比較,名"
lián,"詞目,例句,又唸作,詞彙比較,名,釋義"
liáng,名
liáu,"詞目,例句,又唸作,詞彙比較,名,姓,釋義"
liâm,"詞目,例句,又唸作,詞彙比較,名,姓"
liân,"詞目,例句,又唸作,詞彙比較,名,姓,釋義"
liâng,"詞目,例句,又唸作,詞彙比較,名,姓"
liâu,"詞目,例句,又唸作,詞彙比較,名,姓"
liò,"又唸作,詞彙比較"
liòng,"詞目,例句"
lió,"詞目,例句"
lióng,"詞目,例句,詞彙比較,名"
liô,"詞目,例句,名,姓"
liông,"詞目,例句,又唸作,詞彙比較,名,姓"
liù,"詞目,例句,詞彙比較,名"
liú,"詞目,例句,詞彙比較,名,姓"
liû,"詞目,例句,又唸作,詞彙比較,名,姓"
liām,"詞目,例句,又唸作,名,姓"
liān,"詞目,例句,又唸作,詞彙比較,名,姓,釋義"
liāng,"詞目,例句,詞彙比較,名,姓"
liāu,"詞目,例句,又唸作,詞彙比較,名,姓"
liō,"詞目,詞彙比較,名"
liōng,"詞目,例句,又唸作,詞彙比較,名,姓"
liū,"詞目,例句,名"
liǒ,詞彙比較
li̋,詞彙比較
li̋n,"詞目,詞彙比較"
li̍h,"詞目,例句,詞彙比較,名,姓"
li̍k,"詞目,例句,又唸作,詞彙比較,名,姓"
li̍p,"詞目,例句,又唸作,名,姓,釋義"
li̍t,"詞目,又唸作,詞彙比較,名,姓"
lo,"詞目,例句,詞彙比較,名"
loh,"詞目,例句,又唸作,詞彙比較"
loih,詞彙比較
lok,"詞目,例句,詞彙比較,名"
long,"詞目,例句,又唸作,詞彙比較"
loo,詞目
looh,"詞目,例句,詞彙比較"
lop,"詞目,例句"
lor,詞彙比較
loì,詞彙比較
lo̍h,"詞目,例句,又唸作,詞彙比較,名,姓,釋義"
lo̍k,"詞目,例句,又唸作,俗唸作,詞彙比較,名,姓"
lo̍rh,詞彙比較
lu,"詞目,例句,詞彙比較"
lua,詞彙比較
luah,"詞目,例句"
luan,名
luat,名
lua̍h,"詞目,例句,詞彙比較,名"
lua̍ih,詞彙比較
lua̍t,"詞目,名"
lueh,合音唸作
lue̍h,"詞目,詞彙比較,名"
luh,"詞目,例句,詞彙比較"
lui,"詞目,詞彙比較"
lun,"詞目,例句"
lut,"詞目,例句,又唸作"
luá,"名,姓"
luán,"詞目,例句,詞彙比較,名,姓"
luâ,"詞目,例句,詞彙比較,名"
luân,"詞目,例句,又唸作,名,姓"
lué,"詞目,例句,詞彙比較,名"
luê,"詞彙比較,名,姓"
luì,"詞目,例句"
luí,"詞目,例句,又唸作,名,姓"
luî,"詞目,例句,詞彙比較,名,姓"
luā,"詞目,例句,又唸作,詞彙比較,名,姓"
luāi,詞彙比較
luān,"詞目,例句,又唸作,詞彙比較,名"
luē,"詞目,例句,詞彙比較,名,姓"
luě,詞彙比較
luī,"詞目,例句,名,姓"
lu̍t,"詞目,例句,又唸作,詞彙比較,名,姓"
là,"詞目,詞彙比較"
lài,詞目
làm,"詞目,例句,詞彙比較,名"
làng,"詞目,例句"
làu,"詞目,例句,詞彙比較,姓"
lá,"詞目,例句,詞彙比較"
lái,詞目
lám,"詞目,例句,詞彙比較,名,姓"
lán,"詞目,例句,詞彙比較,名,釋義"
láng,"詞目,例句,又唸作,名"
láu,"詞目,例句,詞彙比較,名,釋義"
lâ,"詞目,例句,又唸作,詞彙比較,名,姓"
lâi,"詞目,例句,又唸作,詞彙比較,名,姓,釋義"
lâm,"詞目,例句,又唸作,詞彙比較,名,姓,釋義"
lân,"詞目,例句,又唸作,詞彙比較,名,姓"
lâng,"詞目,例句,又唸作,合音唸作,詞彙比較,名,釋義"
lâu,"詞目,例句,又唸作,詞彙比較,名,姓"
lè,"詞目,例句,詞彙比較"
lé,"詞目,例句,又唸作,詞彙比較,名,姓"
lê,"詞目,例句,又唸作,詞彙比較,名,姓"
lêr,詞彙比較
lì,"詞目,例句,詞彙比較,名"
lìn,"詞目,又唸作,詞彙比較"
lìng,"詞目,例句,又唸作,名"
lí,"詞目,例句,又唸作,詞彙比較,名,姓,釋義"
lím,"詞目,例句,名,姓"
lín,"詞目,例句,詞彙比較,名,姓"
líng,"詞目,例句,又唸作,詞彙比較,名,姓"
lír,詞彙比較
lî,"詞目,例句,又唸作,詞彙比較,名,姓"
lîm,"詞目,例句,詞彙比較,名,姓"
lîn,"詞目,例句,又唸作,詞彙比較,名,姓,釋義"
lîng,"詞目,例句,又唸作,詞彙比較,名,姓"
lîr,詞彙比較
lò,"詞目,例句,又唸作,詞彙比較,名"
lòng,"詞目,例句"
lòo,"詞目,又唸作,詞彙比較"
lòr,詞彙比較
ló,"詞目,例句,又唸作,詞彙比較,名"
lóng,"詞目,例句,又唸作,名,姓"
lóo,"詞目,例句,又唸作,詞彙比較,名,姓"
lór,詞彙比較
lô,"詞目,例句,又唸作,俗唸作,詞彙比較,名,姓"
lôm,詞彙比較
lông,"詞目,例句,又唸作,詞彙比較,名,姓"
lôo,"詞目,例句,又唸作,詞彙比較,名,姓"
lôr,詞彙比較
lù,"詞目,例句,又唸作,詞彙比較"
lùn,"詞目,名"
lú,"詞目,例句,詞彙比較,名,姓,釋義"
lún,"詞目,例句,詞彙比較,名"
lû,"詞目,又唸作,詞彙比較,名,姓"
lûn,"詞目,例句,詞彙比較,名,姓"
lā,"詞目,例句,又唸作,詞彙比較"
lāi,"詞目,例句,又唸作,詞彙比較,名,姓,釋義"
lām,"詞目,例句,名"
lān,"詞目,例句,又唸作,俗唸作,詞彙比較,名,釋義"
lāng,"詞目,例句,又唸作,俗唸作,詞彙比較,名"
lāu,"詞目,例句,又唸作,詞彙比較,名,姓,釋義"
lē,"詞目,例句,又唸作,詞彙比較,名,姓"
lě,詞彙比較
lī,"詞目,例句,又唸作,詞彙比較,名,姓"
līm,"詞目,又唸作,名,姓"
līn,"詞目,又唸作,名,姓"
līng,"詞目,例句,詞彙比較,名,姓"
līr,詞彙比較
lō,"詞目,例句,又唸作,詞彙比較,名"
lōng,"詞目,例句,名"
lōo,"詞目,例句,又唸作,詞彙比較,名,姓,釋義"
lū,"詞目,又唸作,名,姓"
lūn,"詞目,例句,又唸作,詞彙比較,名,姓"
lǎi,詞彙比較
lǎn,詞彙比較
lǎu,詞彙比較
lǐ,詞彙比較
lǐng,詞彙比較
lǒo,詞彙比較
lǔn,詞彙比較
ma,"詞目,例句,又唸作,詞彙比較"
mah,"詞目,例句,詞彙比較"
mai,"詞目,詞彙比較"
mau,"詞目,例句,詞彙比較"
mauh,"詞目,例句"
me,"詞目,例句,詞彙比較,名"
meh,"詞目,又唸作,詞彙比較"
me̍h,"詞目,例句,又唸作,詞彙比較,名"
mi,"詞目,例句,又唸作,詞彙比較,名,釋義"
miat,詞彙比較
miau,詞彙比較
mih,"詞目,例句,又唸作,詞彙比較,名,姓,釋義"
miâ,"詞目,例句,又唸作,詞彙比較,名,姓"
miâu,又唸作
miā,"詞目,例句,又唸作,詞彙比較,名"
miāu,"詞目,例句"
mi̍h,"詞目,例句,又唸作,詞彙比較,名"
mng,又唸作
mn̂g,"詞目,例句,又唸作,詞彙比較,名,姓,釋義"
mn̄g,"詞目,例句,又唸作,詞彙比較,名,姓"
mn̍gh,"詞目,又唸作,詞彙比較,名"
moo,"詞目,例句,又唸作,詞彙比較"
mooh,"詞目,例句,又唸作"
mo̍nnh,詞彙比較
mo̍oh,"詞目,例句,詞彙比較,名"
mua,"詞目,例句,詞彙比較"
muh,詞目
muà,又唸作
muá,"詞目,例句,又唸作,詞彙比較,名,姓"
muâ,"詞目,例句,又唸作,詞彙比較,名,姓,釋義"
muâi,"詞目,例句,又唸作,詞彙比較,名"
muê,"詞目,例句,又唸作,詞彙比較,名"
muí,"詞目,例句,名,姓"
muî,"詞目,例句,又唸作,詞彙比較,名,姓"
muā,"詞目,例句,詞彙比較"
muāi,"又唸作,詞彙比較,名"
muē,"詞目,例句,詞彙比較,名"
muī,"名,姓"
mà,"詞目,例句"
mài,"詞目,例句,詞彙比較"
má,"詞目,例句,又唸作,詞彙比較,名,姓,釋義"
mái,"詞目,例句,名,姓"
mâ,"詞目,例句,又唸作,詞彙比較,名"
mâi,名
mâu,"詞目,名,姓"
mè,"詞目,詞彙比較"
mé,"詞目,例句,名"
mê,"詞目,例句,詞彙比較,名,姓"
mí,"詞目,例句,又唸作,詞彙比較,名,姓"
mî,"詞目,例句,又唸作,詞彙比較,名,姓"
mòo,"詞目,詞彙比較"
móo,"詞目,又唸作,名"
môo,"詞目,例句,又唸作,詞彙比較,名,姓"
mù,"詞目,又唸作"
mú,詞目
mā,"詞目,例句,又唸作,詞彙比較,名"
māi,"詞目,例句,詞彙比較,名,姓"
māu,"詞目,例句,名"
mē,"詞目,例句,詞彙比較,名"
mī,"詞目,例句,詞彙比較,名"
mńg,"詞目,詞彙比較,名,姓"
mō,詞彙比較
mōo,"詞目,例句,詞彙比較,名,姓"
mǎ,詞彙比較
mǐ,詞彙比較
m̂,"詞目,例句,又唸作,詞彙比較,名,姓"
m̄,"詞目,例句,又唸作,詞彙比較,釋義"
na,"詞目,例句,又唸作"
nah,"詞目,例句,詞彙比較"
nai,"詞目,例句"
nauh,"詞目,例句,詞彙比較"
na̋i,詞目
na̍h,詞彙比較
na̍uh,詞彙比較
ne,"詞目,例句,又唸作,合音唸作,詞彙比較"
neh,"詞目,例句,詞彙比較"
ng,"詞目,例句,又唸作,詞彙比較,名,姓"
ngauh,詞彙比較
ngeh,"詞目,例句,又唸作,詞彙比較,名"
nge̍h,"詞目,例句,詞彙比較,名"
ngiau,"詞目,例句,詞彙比較"
ngia̍uh,"詞目,例句"
ngiáu,"詞目,例句,詞彙比較"
ngiâ,"詞目,例句,又唸作,名"
ngiú,"詞目,例句,名"
ngueh,"詞彙比較,名"
ngue̍h,名
nguí,"詞彙比較,名"
ngá,"詞目,例句,又唸作,名,姓"
ngái,"詞彙比較,名"
ngáu,"詞目,詞彙比較,名"
ngâu,"詞目,名"
ngé,"詞目,名,姓"
ngóo,"詞目,例句,又唸作,詞彙比較,名,姓,釋義"
ngôo,"詞目,例句,又唸作,詞彙比較,名,姓"
ngāi,"詞目,例句,又唸作,名,姓"
ngāu,"詞目,例句,詞彙比較,名"
ngē,"詞目,例句,詞彙比較,名"
ngī,"詞目,詞彙比較,名"
ngōo,"詞目,例句,又唸作,名,姓"
ngǎu,詞彙比較
ngǐ,詞彙比較
ni,"詞目,例句,又唸作,詞彙比較,名"
niau,"詞目,例句,又唸作,詞彙比較,名,釋義"
nih,"詞目,例句,詞彙比較"
niuh,詞彙比較
niàu,"詞彙比較,名"
niá,"詞目,例句,又唸作,詞彙比較,名,姓"
niáu,"詞目,例句,又唸作,詞彙比較,名"
niâ,"詞目,例句,合音唸作,詞彙比較"
niôo,"詞彙比較,名,姓"
niú,"詞目,例句,名"
niû,"詞目,例句,又唸作,詞彙比較,名,姓,釋義"
niā,"詞目,例句,又唸作,名,姓"
niō,詞彙比較
niōo,"名,姓"
niū,"詞目,例句,詞彙比較,名,姓"
nng,"詞目,例句,詞彙比較"
nn̂g,"詞目,例句,又唸作,詞彙比較,名,姓"
nn̄g,"詞目,例句,詞彙比較,名"
nooh,詞目
nua,詞彙比較
nuà,"詞目,例句"
nuá,"詞目,例句,又唸作"
nuâ,"詞目,例句,又唸作,名"
nuí,"名,姓"
nuā,"詞目,例句,又唸作,詞彙比較,名,釋義"
nuī,"詞彙比較,名"
nuǎ,詞彙比較
nà,"詞目,又唸作,詞彙比較"
ná,"詞目,例句,又唸作,詞彙比較,名,姓,釋義"
nái,"詞目,名,姓"
náu,"詞目,例句,又唸作,詞彙比較,名"
nâ,"詞目,例句,又唸作,詞彙比較,名,姓"
nâi,"詞彙比較,名"
nâu,名
nè,詞目
nê,"詞目,例句,又唸作,詞彙比較"
ní,"詞目,例句,又唸作,詞彙比較,名,姓"
nî,"詞目,例句,又唸作,詞彙比較,名,姓,釋義"
nóo,"詞目,例句,又唸作,詞彙比較,名"
nú,詞彙比較
nā,"詞目,例句,又唸作,詞彙比較,名"
nāi,"詞目,例句,又唸作,詞彙比較,名,姓"
nāu,"詞目,例句,又唸作,名"
nī,"詞目,例句,又唸作,姓,釋義"
nńg,"詞目,例句,詞彙比較,名,姓"
nňg,詞彙比較
nōo,"詞目,例句,詞彙比較,名"
nőo,詞目
nǎ,詞彙比較
nǎi,詞彙比較
nǹg,"詞目,例句"
n̂g,"詞目,例句,詞彙比較,名,姓"
n̄g,"詞目,例句,名"
o,"詞目,例句,詞彙比較,名,姓"
oh,"詞目,例句,詞彙比較"
ok,"詞目,例句,名,姓"
om,"詞目,例句"
ong,"詞目,例句,又唸作,詞彙比較,名,姓"
onn,"詞目,例句,詞彙比較"
oo,"詞目,例句,又唸作,詞彙比較,名,姓,釋義"
ooh,"詞目,例句,詞彙比較"
op,詞彙比較
or,詞彙比較
oó,姓
o̍h,"詞目,例句,又唸作,名,姓"
o̍k,名
pa,"詞目,例句,又唸作,詞彙比較,名,姓,釋義"
pah,"詞目,例句,詞彙比較,名,釋義"
pai,"詞目,例句,又唸作"
pak,"詞目,例句,又唸作,詞彙比較,名,姓,釋義"
pan,"詞目,例句,又唸作,名,姓,釋義"
pang,"詞目,例句,又唸作,詞彙比較,名,姓"
pat,"詞目,例句,又唸作,詞彙比較,名,姓"
pau,"詞目,例句,詞彙比較,名,姓"
pa̍k,"詞目,例句,詞彙比較,名"
pa̍t,"詞目,例句,又唸作,詞彙比較,名"
pe,"詞目,例句,又唸作,詞彙比較,名,姓,釋義"
peh,"詞目,例句,又唸作,詞彙比較,名,姓"
penn,"詞目,例句,名"
per,詞彙比較
pe̍h,"詞目,例句,又唸作,詞彙比較,名,姓"
pha,"詞目,例句,又唸作,詞彙比較,名"
phah,"詞目,例句,又唸作,詞彙比較,名,釋義"
phak,"詞目,例句,詞彙比較,名"
phan,"詞目,例句,又唸作,名"
phang,"詞目,例句,名,姓"
phann,又唸作
phat,"詞彙比較,名"
phau,"詞目,例句,詞彙比較,名"
pha̋,詞目
pha̍k,"詞目,例句,詞彙比較,名"
pha̍uh,"詞目,例句,詞彙比較,名"
phe,"詞目,詞彙比較,名"
pheh,詞目
phenn,"詞目,例句"
pher,詞彙比較
phe̍h,"詞目,詞彙比較"
phe̍rh,詞彙比較
phi,"詞目,例句,詞彙比較,名"
phiah,"詞目,例句,俗唸作,名"
phiak,又唸作
phian,"詞目,例句,詞彙比較,名"
phiang,詞彙比較
phiann,"詞目,例句,又唸作,詞彙比較"
phiat,"詞目,例句,名"
phiau,"詞目,例句,又唸作,名,姓"
phia̍h,"詞目,例句,詞彙比較,名,釋義"
phia̍k,"詞目,例句,詞彙比較"
phih,"詞目,例句,詞彙比較"
phik,"詞目,例句,又唸作,名,姓"
phing,"詞目,名"
phinn,"詞目,例句,名"
phit,"詞目,例句,詞彙比較,名"
phiàn,"詞目,例句,詞彙比較,名"
phiàu,"詞目,名"
phián,"又唸作,詞彙比較,名"
phiánn,"詞目,例句,合音唸作"
phiáu,名
phiân,"又唸作,名"
phiânn,"詞目,例句,又唸作,名,姓"
phiâu,"詞目,例句,名"
phiò,"詞目,例句,又唸作,詞彙比較,名"
phiòr,詞彙比較
phió,名
phiô,"詞目,例句,詞彙比較,名"
phiôr,詞彙比較
phiā,詞彙比較
phiāng,"詞目,例句"
phi̋n,"詞目,例句"
phi̍h,"詞目,例句"
phi̍k,名
phngh,"詞目,例句"
pho,"詞目,例句,又唸作,詞彙比較,名,姓"
phoh,"詞目,例句,又唸作,詞彙比較,名"
phok,"詞目,例句,又唸作,詞彙比較,名,姓,釋義"
phong,"詞目,例句,名"
phoo,"詞目,例句,詞彙比較,名"
phor,詞彙比較
pho̍k,"詞目,例句,俗唸作,詞彙比較,名"
phu,"詞目,詞彙比較"
phu51,詞彙比較
phuah,"詞目,例句,名"
phuan,"詞目,名,姓"
phuann,"詞目,名,姓"
phuat,"詞目,例句,又唸作,名,姓"
phua̍h,"詞目,例句,詞彙比較,釋義"
phue,"詞目,例句,又唸作,詞彙比較,名"
phue̍h,"詞目,例句,詞彙比較"
phuh,詞彙比較
phun,"詞目,名,姓"
phut,"詞目,例句,名"
phuà,"詞目,例句,又唸作,詞彙比較,名"
phuàn,名
phuànn,"詞目,例句,名"
phuán,名
phuân,"詞目,例句,名,姓"
phuè,"詞目,例句,俗唸作,詞彙比較,名,姓"
phué,"詞目,例句,詞彙比較,名"
phuê,"詞目,例句,又唸作,詞彙比較,名,姓"
phuì,"詞目,例句,名"
phuí,詞彙比較
phuān,"詞目,名"
phuānn,"詞目,例句,又唸作,詞彙比較,名"
phuē,"詞目,例句,又唸作,詞彙比較,名"
phuě,詞彙比較
phuǎnn,詞彙比較
phu̍h,"詞目,例句,詞彙比較"
phu̍t,"詞目,例句"
phà,"詞目,詞彙比較,名"
phài,"詞目,例句,又唸作,名,姓"
phàn,"詞目,例句,名"
phàng,"詞目,合音唸作,名,釋義"
phànn,"詞目,例句,又唸作,詞彙比較,名"
phàu,"詞目,例句,詞彙比較,名"
phái,"詞目,又唸作,詞彙比較,名"
pháinn,"詞目,例句,又唸作,詞彙比較,名,釋義"
phán,名
pháng,"詞目,例句,又唸作,詞彙比較,名"
pháu,"詞目,例句,名"
phâng,"詞目,例句,名,釋義"
phâu,"詞目,例句"
phè,"詞目,例句,又唸作,詞彙比較,名,姓"
phèr,"詞彙比較,釋義"
phé,"詞目,例句,詞彙比較"
phê,"詞目,又唸作,詞彙比較,名,姓"
phênn,"詞目,例句,又唸作,詞彙比較,名,姓"
phêr,詞彙比較
phì,"詞目,例句,名"
phìng,"詞目,例句,名"
phìnn,"詞目,例句,詞彙比較,名"
phí,"詞目,例句,又唸作,詞彙比較,名"
phín,"詞目,例句,又唸作,詞彙比較,名,釋義"
phíng,名
phî,"詞目,例句,名"
phîn,"詞目,例句,名"
phîng,"詞目,例句,又唸作,詞彙比較,名,姓"
phînn,"詞目,又唸作,詞彙比較,名,姓"
phò,"詞目,例句,又唸作,詞彙比較,名"
phòng,"詞目,例句,詞彙比較,名,釋義"
phòo,"詞目,例句,詞彙比較,名"
phòr,詞彙比較
phó,"詞目,名"
phóng,"詞目,例句,詞彙比較,名"
phóo,"詞目,例句,名,姓"
phô,詞彙比較
phông,"詞目,例句,詞彙比較,名"
phôo,"詞目,例句,詞彙比較,名"
phôr,詞彙比較
phù,詞目
phùn,"詞目,例句,詞彙比較,名"
phú,"詞目,例句,詞彙比較,名"
phún,"詞目,例句,名"
phû,"詞目,例句,又唸作,詞彙比較,名,姓"
phûn,"詞目,例句,名,姓"
phā,"詞目,例句"
phāinn,"詞目,例句,詞彙比較"
phāng,"詞目,例句,詞彙比較,名"
phānn,"詞目,例句,又唸作"
phāu,"詞目,詞彙比較,名"
phē,"詞目,又唸作,詞彙比較,名"
phēnn,"詞目,例句,又唸作"
phēr,詞彙比較
phěr,詞彙比較
phī,"詞彙比較,名"
phīn,詞彙比較
phīng,"詞目,例句,名"
phīnn,"詞目,例句,又唸作,詞彙比較,名"
phō,"詞目,例句,又唸作,俗唸作,名"
phōng,"詞目,例句,詞彙比較"
phōo,"詞目,例句,又唸作,詞彙比較,名"
phū,"詞目,例句,詞彙比較"
phǎinn,詞彙比較
phǎng,詞彙比較
phǐ,詞彙比較
pi,"詞目,例句,詞彙比較,名,姓"
piah,"詞目,例句,又唸作,俗唸作,詞彙比較,名,釋義"
piak,"詞目,例句,詞彙比較"
pian,"詞目,例句,又唸作,名"
piann,又唸作
piat,"詞目,詞彙比較,名,姓"
piau,"詞目,例句,又唸作,名,姓"
pia̍k,詞彙比較
pia̍t,"詞目,例句,又唸作,名"
pih,"詞目,例句,詞彙比較,名"
pik,"詞目,例句,詞彙比較,名,姓"
pin,"詞目,例句,詞彙比較,名,姓"
ping,"詞目,例句,又唸作,詞彙比較,名,姓"
pinn,"詞目,例句,又唸作,詞彙比較,名,姓,釋義"
pio,"詞目,例句,又唸作,詞彙比較,名,姓"
pit,"詞目,例句,又唸作,詞彙比較,名,姓"
piu,"詞目,詞彙比較,名,姓"
piàn,"詞目,例句,又唸作,詞彙比較,名"
piàng,"詞目,例句,名"
piànn,"詞目,例句,又唸作,詞彙比較,名"
pián,"詞目,例句,詞彙比較,名"
piánn,"詞目,例句,又唸作,詞彙比較,名,姓,釋義"
piáu,"詞目,例句,又唸作,詞彙比較,名"
piân,名
piânn,"詞目,例句"
pió,"詞目,例句,詞彙比較,名,姓"
piór,詞彙比較
piô,名
piān,"詞目,例句,又唸作,詞彙比較,名,姓"
piō,"詞目,名"
piǎn,詞彙比較
pi̍k,"詞目,例句,又唸作,名"
pi̍t,"名,姓"
png,"詞目,例句,名,姓"
pn̄g,"詞目,例句,又唸作,詞彙比較,名"
po,"詞目,例句,詞彙比較,名,姓"
poh,"詞目,例句,詞彙比較,名,姓"
pok,"詞目,例句,詞彙比較,名,姓"
poo,"詞目,例句,又唸作,詞彙比較,名,姓"
por,詞彙比較
po̍h,"詞目,例句,又唸作,詞彙比較,名,釋義"
po̍k,"詞目,例句,又唸作,詞彙比較,名,姓"
pu,"詞目,例句,詞彙比較"
pu51,詞彙比較
puah,"詞目,例句,又唸作,名"
puan,"詞目,又唸作,名"
puann,"詞目,例句,又唸作,名"
puat,"詞目,名"
pua̍h,"詞目,例句,又唸作,詞彙比較,名,姓"
pua̍nnh,詞彙比較
pua̍t,"詞目,例句,詞彙比較,名,姓"
pue,"詞目,例句,又唸作,詞彙比較,名,姓,釋義"
pueh,"詞目,詞彙比較,名,姓"
pue̍h,"詞目,例句,詞彙比較,名,姓"
puh,"詞目,例句,又唸作,名"
puinn,"名,姓"
pui̍h,"詞目,詞彙比較,名,姓"
pun,"詞目,例句,又唸作,詞彙比較,名"
put,"詞目,例句,又唸作,詞彙比較,名,姓"
puà,"詞目,例句,名"
puàn,"詞目,例句,又唸作,詞彙比較,名"
puànn,"詞目,例句,又唸作,詞彙比較,名,釋義"
puánn,"詞目,姓"
puân,"詞目,名,姓"
puânn,"詞目,例句,又唸作,詞彙比較,名,姓"
puè,"詞目,例句,又唸作,名,姓"
pué,"詞目,例句"
puê,"詞目,例句,俗唸作,名,姓"
puì,"詞目,例句,名"
puínn,名
puî,"詞目,例句,又唸作,詞彙比較,名"
puā,詞彙比較
puān,"詞目,名"
puānn,"詞目,例句"
puē,"詞目,例句,又唸作,詞彙比較,名,姓"
puī,"詞目,例句,名"
puīnn,"詞彙比較,名"
pu̍t,"詞目,例句,又唸作,詞彙比較,名"
pà,"詞目,例句,又唸作,詞彙比較,名,姓"
pài,"詞目,例句,詞彙比較,名,姓,釋義"
pàng,"詞目,例句,又唸作,詞彙比較,名"
pá,"詞目,例句,又唸作,詞彙比較,名,姓,釋義"
pái,"詞目,例句,詞彙比較,名"
páinn,"又唸作,名"
pán,"詞目,例句,又唸作,詞彙比較,名,姓,釋義"
páng,"詞目,名"
páu,"詞目,名"
pâ,"詞目,例句,又唸作,詞彙比較,名"
pâi,"詞目,例句,又唸作,詞彙比較,名,姓,釋義"
pân,"詞目,例句,又唸作,詞彙比較,名"
pâng,"詞目,例句,又唸作,詞彙比較,名,姓"
pâu,"詞目,例句,名,姓"
pè,"詞目,名"
pènn,"詞目,例句,名"
pèr,詞彙比較
pé,"詞目,例句,名,姓"
pê,"詞目,例句,又唸作,俗唸作,詞彙比較,名"
pênn,"詞目,例句,又唸作,名,姓"
pì,"詞目,例句,又唸作,名,姓"
pìn,"詞目,例句,詞彙比較,名"
pìng,"詞目,例句,名"
pìnn,"詞目,例句,又唸作,名"
pí,"詞目,例句,又唸作,詞彙比較,名,姓"
pín,"詞目,例句,又唸作,名"
píng,"詞目,例句,又唸作,詞彙比較,名,姓"
pínn,"詞目,例句,名"
pî,"詞目,例句,詞彙比較,名,姓"
pîn,"詞目,例句,又唸作,詞彙比較,名,姓"
pîng,"詞目,例句,又唸作,詞彙比較,名,姓"
pînn,"詞目,又唸作,詞彙比較,名,姓"
pò,"詞目,例句,又唸作,詞彙比較,名"
pòng,"詞目,例句,名"
pòo,"詞目,例句,又唸作,詞彙比較,名,姓"
pó,"詞目,例句,又唸作,詞彙比較,名,姓"
póng,"詞目,又唸作,名"
póo,"詞目,例句,又唸作,俗唸作,名,姓,釋義"
pô,"詞目,例句,又唸作,詞彙比較,名"
pông,"詞目,例句,詞彙比較,名,姓"
pôo,"詞目,例句,又唸作,詞彙比較,名,姓,釋義"
pôr,詞彙比較
pù,"詞目,例句,詞彙比較,名,姓"
pùn,"詞目,例句,詞彙比較,名,釋義"
pú,詞目
pún,"詞目,例句,又唸作,詞彙比較,名,姓"
pû,"詞目,例句,詞彙比較,名"
pûn,"詞目,例句,又唸作,詞彙比較,名"
pā,"詞目,例句,名,姓"
pāi,"詞目,例句,名"
pān,"詞目,例句,又唸作,詞彙比較,名"
pāng,"詞目,例句,名"
pāu,"詞目,名,姓"
pē,"詞目,例句,又唸作,詞彙比較,名"
pēnn,"詞目,例句,詞彙比較,名,釋義"
pě,詞彙比較
pěr,詞彙比較
pī,"詞目,例句,名"
pīn,名
pīng,"詞目,例句,名"
pīnn,"詞目,例句,詞彙比較,名"
pńg,"詞目,例句,詞彙比較,名,姓"
pňg,詞彙比較
pō,"詞目,例句,名"
pōng,"詞目,例句,又唸作,詞彙比較,名"
pōo,"詞目,例句,又唸作,詞彙比較,名,姓"
pū,"詞目,例句,詞彙比較,名"
pūn,"詞目,例句,又唸作,名"
pǎn,詞彙比較
pǐnn,詞彙比較
pǒng,詞彙比較
pǒo,詞彙比較
pǔ,詞彙比較
sa,"詞目,例句,詞彙比較,名,姓"
sah,詞彙比較
sai,"詞目,例句,又唸作,詞彙比較,名,姓,釋義"
saih,"又唸作,詞彙比較"
sak,"詞目,例句,名"
sam,"詞目,例句,又唸作,詞彙比較,名,姓"
san,"詞目,例句,又唸作,詞彙比較,名,姓"
sang,"詞目,例句,詞彙比較,名,姓"
sann,"詞目,例句,又唸作,詞彙比較,名,姓,釋義"
sannh,"詞目,例句,詞彙比較"
sap,"詞目,例句,詞彙比較,名,釋義"
sat,"詞目,例句,又唸作,詞彙比較,名,姓"
sau,"詞目,例句,詞彙比較,名"
sa̋,詞目
sa̋m,詞目
sa̍h,"詞目,例句,詞彙比較,名"
sa̍p,"又唸作,名"
se,"詞目,例句,又唸作,詞彙比較,名,姓,釋義"
seh,"詞目,例句,又唸作,詞彙比較,名"
senn,"詞目,例句,又唸作,詞彙比較,名,釋義"
sere,詞彙比較
sereh,詞彙比較
serm,詞彙比較
serè,詞彙比較
seré,詞彙比較
se̍h,"詞目,例句,名"
se̍rh,詞彙比較
si,"詞目,例句,又唸作,詞彙比較,名,姓"
sia,"詞目,例句,名"
siah,"詞目,例句,又唸作,詞彙比較,名,姓"
siak,"詞目,例句,名,姓,釋義"
siam,"詞目,例句,名,姓"
sian,"詞目,例句,又唸作,詞彙比較,名,姓,釋義"
siang,"詞目,例句,又唸作,詞彙比較,名,姓"
siann,"詞目,例句,又唸作,名"
siannh,"例句,詞彙比較,釋義"
siap,"詞目,例句,又唸作,詞彙比較,名,姓"
siat,"詞目,例句,又唸作,名,姓"
siau,"詞目,例句,又唸作,名,姓"
sia̋u,詞彙比較
sia̍h,"詞目,例句,詞彙比較,名"
sia̍p,"詞目,例句,名"
sia̍t,"詞目,名"
sie,詞彙比較
sih,"詞目,例句,又唸作,詞彙比較,名,姓,釋義"
sik,"詞目,例句,又唸作,俗唸作,詞彙比較,名,姓"
sim,"詞目,例句,又唸作,詞彙比較,名,姓"
sin,"詞目,例句,又唸作,俗唸作,詞彙比較,名,姓,釋義"
sing,"詞目,例句,又唸作,詞彙比較,名,姓,釋義"
sinn,"詞目,例句,又唸作,詞彙比較,名,釋義"
sinnh,"又唸作,詞彙比較"
sio,"詞目,例句,又唸作,詞彙比較,名,姓,釋義"
sioh,"詞目,例句,又唸作,名"
siok,"詞目,例句,又唸作,俗唸作,名,姓"
siong,"詞目,例句,又唸作,名,姓"
sionn,"詞彙比較,名"
sior,詞彙比較
sio̍h,"詞目,例句"
sio̍k,"詞目,例句,又唸作,俗唸作,名,姓"
sip,"詞目,例句,名,姓"
sir,"詞目,詞彙比較"
sirh,"又唸作,詞彙比較"
sit,"詞目,例句,又唸作,詞彙比較,名,姓,釋義"
siu,"詞目,例句,又唸作,詞彙比較,名,姓,釋義"
siunn,"詞目,例句,詞彙比較,名"
sià,"詞目,例句,又唸作,俗唸作,詞彙比較,名,姓"
siàm,"詞目,例句,名"
siàn,"詞目,例句,又唸作,詞彙比較,名"
siàng,"詞目,例句,又唸作,詞彙比較,名"
siànn,"詞目,例句,詞彙比較,名,姓"
siàu,"詞目,例句,詞彙比較,名,姓"
siá,"詞目,例句,又唸作,詞彙比較,名"
siám,"詞目,例句,又唸作,俗唸作,詞彙比較,名,姓,釋義"
sián,"詞目,例句,俗唸作,詞彙比較,名,姓"
siáng,"合音唸作,名"
siánn,"詞目,例句,又唸作,詞彙比較,釋義"
siáu,"詞目,例句,又唸作,詞彙比較,名,姓"
siâ,"詞目,例句,名,姓"
siâm,"詞目,例句,又唸作,詞彙比較,名"
siân,"詞目,例句,詞彙比較,名"
siâng,"又唸作,合音唸作,詞彙比較,名,姓"
siânn,"詞目,例句,又唸作,名,姓,釋義"
siâu,"詞目,例句,又唸作,詞彙比較,名,姓"
siò,"又唸作,名"
siòng,"詞目,例句,又唸作,俗唸作,名"
siònn,"名,姓"
sió,"詞目,例句,又唸作,詞彙比較,名,姓,釋義"
sióng,"詞目,例句,又唸作,俗唸作,名,姓"
siónn,"名,姓"
siór,詞彙比較
siô,"詞目,例句"
siông,"詞目,例句,詞彙比較,名,姓"
siôr,詞彙比較
siù,"詞目,例句,名,姓"
siùnn,"詞目,例句,又唸作,名,姓"
siú,"詞目,例句,又唸作,詞彙比較,名"
siúnn,"詞目,例句,名,姓"
siû,"詞目,例句,又唸作,詞彙比較,名,姓"
siûnn,"詞目,例句,又唸作"
siā,"詞目,例句,又唸作,詞彙比較,名,姓,釋義"
siām,"名,姓"
siān,"詞目,例句,又唸作,詞彙比較,名,姓"
siāng,"詞目,例句,又唸作,名,姓"
siānn,"詞目,例句,詞彙比較,名,姓"
siāu,"詞目,例句,又唸作,名,姓"
siō,"詞目,姓"
siōng,"詞目,例句,又唸作,名,姓"
siōnn,"詞彙比較,名"
siū,"詞目,例句,又唸作,詞彙比較,名,姓"
siūnn,"詞目,例句,又唸作,詞彙比較,名"
siǎ,詞彙比較
siǎn,詞彙比較
siǎnn,詞彙比較
siǔ,詞彙比較
siǔnn,詞彙比較
si̍h,"詞目,例句,又唸作,詞彙比較,名"
si̍k,"詞目,例句,又唸作,名,姓,釋義"
si̍p,"詞目,例句,又唸作,詞彙比較,名,姓"
si̍t,"詞目,例句,又唸作,詞彙比較,名,姓"
sng,"詞目,例句,又唸作,詞彙比較,名,姓,釋義"
sngh,詞目
sn̂g,"詞目,例句"
so,"詞目,例句,又唸作,詞彙比較,名,姓"
soh,"詞目,例句,又唸作,詞彙比較,名,姓"
sok,"詞目,例句,又唸作,名,姓"
som,"詞目,例句,又唸作,詞彙比較,名,姓"
song,"詞目,例句,又唸作,詞彙比較,名,姓"
soo,"詞目,例句,詞彙比較,名,姓"
sooh,"詞目,詞彙比較"
sor,詞彙比較
sorh,詞彙比較
so̍k,詞彙比較
su,"詞目,例句,又唸作,俗唸作,詞彙比較,名,姓,釋義"
sua,"詞目,例句,又唸作,俗唸作,詞彙比較,名,姓,釋義"
suah,"詞目,例句,詞彙比較,名"
suan,"詞目,例句,又唸作,詞彙比較,名,姓"
suann,"詞目,例句,又唸作,詞彙比較,名,釋義"
suat,"詞目,例句,又唸作,名,姓"
sua̍t,名
sue,"詞目,例句,詞彙比較,名"
sueh,"詞目,例句,又唸作,詞彙比較,名"
suh,"詞目,例句,又唸作,詞彙比較,名"
sui,"詞目,例句,又唸作,詞彙比較,名"
suinn,"詞彙比較,名,姓"
sun,"詞目,例句,合音唸作,詞彙比較,名,姓,釋義"
sut,"詞目,例句,詞彙比較,名,釋義"
suà,"詞目,例句"
suàn,"詞目,例句,又唸作,名,釋義"
suànn,"詞目,例句,又唸作,合音唸作,詞彙比較,名,姓,釋義"
suá,"詞目,例句,名"
suán,"詞目,例句,又唸作,名"
suánn,"詞目,例句,名"
suân,"詞目,名,姓"
suè,"詞目,例句,又唸作,詞彙比較,名,姓"
sué,"詞目,詞彙比較,名,姓"
suê,"詞目,例句,名"
suì,"詞目,詞彙比較,名"
suìnn,"詞彙比較,名"
suí,"詞目,例句,又唸作,詞彙比較,名"
suínn,名
suî,"詞目,例句,詞彙比較,名,姓"
suînn,又唸作
suā,"詞目,例句"
suāinn,"詞目,例句,詞彙比較"
suān,"詞目,例句,詞彙比較,名"
suī,"詞目,例句,又唸作,詞彙比較,名,姓"
suǎinn,詞彙比較
suǎn,詞彙比較
suǐ,詞彙比較
su̍t,"詞目,例句,又唸作,詞彙比較,名,姓"
sà,"詞目,例句,詞彙比較,名,姓"
sài,"詞目,例句,又唸作,詞彙比較,名,姓"
sàm,"詞目,例句,名"
sàn,"詞目,例句,又唸作,詞彙比較,名,姓,釋義"
sàng,"詞目,例句,又唸作,詞彙比較,名,姓"
sàu,"詞目,例句,又唸作,詞彙比較,名,姓"
sá,"詞目,詞彙比較,名,姓,釋義"
sái,"詞目,例句,又唸作,詞彙比較,名,姓,釋義"
sám,"詞目,例句,又唸作,名"
sán,"詞目,例句,又唸作,詞彙比較,名"
sáng,"詞目,例句,詞彙比較"
sánn,"又唸作,詞彙比較"
sáu,名
sâ,"又唸作,詞彙比較"
sâi,"詞目,例句"
sâm,"詞目,例句,詞彙比較"
sânn,姓
sè,"詞目,例句,又唸作,詞彙比較,名,姓,釋義"
sènn,"詞目,例句,又唸作,詞彙比較,名,姓"
sèr,詞彙比較
sé,"詞目,例句,詞彙比較,名,姓"
sénn,"名,姓"
sê,"詞目,例句,詞彙比較"
sì,"詞目,例句,又唸作,詞彙比較,名,姓,釋義"
sìm,"詞目,例句,名"
sìn,"詞目,例句,又唸作,俗唸作,名,姓"
sìng,"詞目,例句,又唸作,詞彙比較,名"
sìnn,"詞目,例句,詞彙比較,名,姓,釋義"
sìr,"詞目,詞彙比較"
sí,"詞目,例句,又唸作,俗唸作,詞彙比較,名,姓,釋義"
sím,"詞目,例句,名,姓"
sín,"詞目,詞彙比較,名"
síng,"詞目,例句,名,姓"
sír,詞目
sî,"詞目,例句,又唸作,合音唸作,詞彙比較,名,姓"
sîm,"詞目,名,姓"
sîn,"詞目,例句,又唸作,詞彙比較,名,姓,釋義"
sîng,"詞目,例句,又唸作,名,姓"
sîr,詞彙比較
sò,"詞目,例句,又唸作,詞彙比較,名,姓,釋義"
sòng,"詞目,例句,又唸作,名,姓"
sòo,"詞目,例句,又唸作,詞彙比較,名,姓"
sòr,詞彙比較
só,"詞目,例句,詞彙比較,名"
sóng,"詞目,例句,又唸作,名"
sóo,"詞目,例句,又唸作,詞彙比較,名,姓"
sór,詞彙比較
sô,"詞目,例句,詞彙比較"
sông,"詞目,例句"
sôr,詞彙比較
sù,"詞目,例句,又唸作,詞彙比較,名,姓"
sùn,"詞目,名"
sú,"詞目,例句,又唸作,詞彙比較,名,姓"
sún,"詞目,例句,又唸作,詞彙比較,名,姓,釋義"
sû,"詞目,例句,又唸作,俗唸作,詞彙比較,名,姓"
sûn,"詞目,例句,又唸作,詞彙比較,名,姓,釋義"
sā,詞彙比較
sāi,"詞目,例句,詞彙比較,名,姓"
sām,詞彙比較
sē,"詞目,名"
sī,"詞目,例句,又唸作,詞彙比較,名,姓"
sīm,"詞目,例句,名"
sīn,"詞目,例句,又唸作,詞彙比較,名,姓"
sīng,"詞目,例句,名,姓"
sīnn,"詞目,例句,詞彙比較"
sīr,"詞目,詞彙比較"
sńg,"詞目,例句,又唸作,詞彙比較,名"
sō,"詞目,名"
sū,"詞目,例句,又唸作,俗唸作,詞彙比較,名,姓,釋義"
sūn,"詞目,例句,又唸作,詞彙比較,名,姓"
sǎi,詞彙比較
sǐ,詞彙比較
sǐnn,詞彙比較
sǐr,詞彙比較
sǹg,"詞目,例句,又唸作,詞彙比較,名"
ta,"詞目,例句,又唸作,詞彙比較,名,姓"
tah,"詞目,例句,又唸作,詞彙比較,名,姓"
tai,"詞目,例句,又唸作,詞彙比較"
tak,"詞目,例句,詞彙比較"
tam,"詞目,例句,名"
tan,"詞目,例句,又唸作,詞彙比較,名,姓"
tang,"詞目,例句,又唸作,詞彙比較,名,姓,釋義"
tann,"詞目,例句,又唸作,詞彙比較,名,姓,釋義"
tap,"詞目,例句,又唸作,詞彙比較,名,姓"
tat,"名,姓"
tau,"詞目,例句,詞彙比較,名"
tauh,"詞目,例句"
ta̋nn,合音唸作
ta̍h,"詞目,例句,詞彙比較,名"
ta̍k,"詞目,例句,又唸作,詞彙比較,名,姓"
ta̍p,"詞目,例句,名,姓"
ta̍t,"詞目,例句,名,姓"
ta̍uh,"詞目,例句,姓"
te,"詞目,例句,又唸作,詞彙比較,名"
teh,"詞目,例句,又唸作,詞彙比較,釋義"
tenn,"詞目,例句,詞彙比較"
terh,詞彙比較
teré,詞彙比較
terē,詞彙比較
tha,"詞目,名"
thah,"詞目,例句,又唸作,詞彙比較,名"
thai,"詞目,例句,詞彙比較,名,姓"
thak,"詞目,例句,詞彙比較,名"
tham,"詞目,例句,詞彙比較,名"
than,"詞目,例句,又唸作,名"
thang,"詞目,例句,又唸作,詞彙比較,名,釋義"
thann,"詞目,例句,名"
thap,"詞目,例句,又唸作,名,姓"
that,"詞目,例句,又唸作,名"
thau,"詞目,例句,又唸作,名"
tha̍h,"詞目,例句,又唸作,名"
tha̍k,"詞目,例句,詞彙比較,名,姓"
the,"詞目,例句,又唸作,詞彙比較,名"
theh,"詞目,例句,又唸作,詞彙比較"
thenn,"又唸作,詞彙比較,名"
ther,詞彙比較
the̍h,"詞目,例句,詞彙比較,名"
thi,"詞目,例句,名,姓"
thiah,"詞目,例句,詞彙比較,名"
thiam,"詞目,例句,詞彙比較,名"
thian,"詞目,例句,又唸作,詞彙比較,名,姓"
thiann,"詞目,例句,詞彙比較,名,釋義"
thiap,"詞目,例句,詞彙比較,名,姓"
thiat,"詞目,又唸作,名,姓"
thiau,"詞目,例句,又唸作,名"
thia̋n,詞目
thia̍p,"詞目,例句,又唸作,詞彙比較,名"
thih,"詞目,例句,詞彙比較,名,姓,釋義"
thik,"詞目,例句,名"
thim,"詞目,例句,名"
thin,名
thing,"詞目,名"
thinn,"詞目,例句,又唸作,詞彙比較,名,姓"
thio,"詞目,例句,又唸作,詞彙比較,名"
thiok,"詞目,例句,詞彙比較,名"
thiong,"詞目,例句,名,姓"
thit,"詞目,又唸作,名"
thiu,"詞目,例句,又唸作,詞彙比較,名"
thiàn,名
thiàng,"名,姓"
thiànn,"詞目,例句,又唸作,詞彙比較"
thiàu,"詞目,例句,又唸作,詞彙比較,名"
thiám,"詞目,例句,名"
thián,"詞目,例句,名"
thiáu,"詞目,例句,名"
thiâm,名
thiân,名
thiânn,"詞目,名,姓"
thiâu,"詞目,名"
thiò,"詞目,例句,詞彙比較,名,姓"
thiòng,"詞目,例句,名,姓"
thiòr,詞彙比較
thió,"名,姓"
thióng,"詞目,例句,詞彙比較,名"
thiô,"詞目,例句,名,姓"
thiông,"詞目,例句,名,姓"
thiôr,詞彙比較
thiú,"詞目,例句,名,姓,釋義"
thiúnn,又唸作
thiām,"詞目,例句"
thiānn,"詞目,例句"
thiāu,"詞目,例句,詞彙比較,名"
thi̍h,"詞目,例句"
thi̍k,"詞目,名"
thng,"詞目,例句,詞彙比較,名,姓"
thn̂g,"詞目,例句,又唸作,俗唸作,詞彙比較,名,釋義"
thn̄g,"詞目,例句,名"
tho,"又唸作,詞彙比較,名"
thoh,"詞目,名,釋義"
thok,"詞目,例句,詞彙比較,名,姓"
thong,"詞目,例句,詞彙比較,名,姓"
thoo,"詞目,詞彙比較,名"
tho̍h,"詞目,例句"
tho̍k,"詞目,例句,名"
thu,名
thua,"詞目,例句,詞彙比較,名,姓"
thuah,"詞目,例句,詞彙比較,名"
thuan,名
thuann,"詞目,例句,名"
thuat,"詞目,例句,又唸作,名,姓"
thue,名
thueh,詞彙比較
thue̍h,"又唸作,詞彙比較"
thuh,"詞目,例句,又唸作,詞彙比較,名"
thui,"詞目,例句,又唸作,詞彙比較,名,釋義"
thun,"詞目,例句,名,姓"
thut,"詞目,例句,名"
thuàn,"又唸作,名"
thuànn,"詞目,例句,又唸作,詞彙比較,名"
thuán,名
thuánn,"詞目,例句,名"
thuân,"詞目,例句,又唸作,詞彙比較,名,姓"
thuè,"詞目,名"
thué,"詞目,名"
thuì,詞目
thuìnn,詞彙比較
thuí,"詞目,例句,又唸作,名"
thuî,"詞目,例句,詞彙比較,名"
thuînn,"詞彙比較,名"
thuā,"詞目,例句,詞彙比較,名"
thuē,詞目
thuī,"詞目,例句"
thuǎ,詞彙比較
thu̍t,"詞目,例句,又唸作,詞彙比較"
thà,"詞目,例句,名"
thài,"詞目,例句,又唸作,詞彙比較,名,姓"
thàm,"詞目,例句,又唸作,名"
thàn,"詞目,例句,詞彙比較,名"
thàng,"詞目,例句,又唸作,詞彙比較,名"
thàu,"詞目,例句,詞彙比較,名,姓"
thá,"詞目,詞彙比較"
thái,"詞目,例句,又唸作,詞彙比較,釋義"
thám,名
thán,"詞目,例句,又唸作,名,姓"
tháng,"詞目,例句,又唸作,詞彙比較,名,釋義"
thánn,"詞目,例句,詞彙比較,名"
tháu,"詞目,例句,又唸作,詞彙比較,名"
thâi,"詞目,例句"
thâm,"詞目,例句,又唸作,詞彙比較,名,姓"
thân,"詞目,例句"
thâng,"詞目,例句,又唸作,詞彙比較,名,姓,釋義"
thâu,"詞目,例句,又唸作,詞彙比較,名,姓,釋義"
thè,"詞目,例句,名,釋義"
thènn,"詞目,例句"
thé,"詞目,例句,又唸作,名"
thê,"詞目,例句,名,姓"
thì,"詞目,例句,又唸作,名"
thìm,"詞彙比較,名"
thìn,名
thìng,"詞目,例句,名"
thìnn,"詞目,詞彙比較"
thí,"詞目,例句,名,姓"
thíng,"詞目,例句,名"
thî,"詞目,例句,又唸作,詞彙比較,名,姓"
thîn,"詞目,例句,詞彙比較"
thîng,"詞目,例句,又唸作,名,姓"
thîr,詞彙比較
thò,"詞目,例句,詞彙比較,名,姓"
thòng,"詞目,例句,詞彙比較,名"
thòo,"詞目,例句,詞彙比較,名"
thó,"詞目,例句,又唸作,名"
thóng,"詞目,例句,又唸作,名,姓"
thóo,"詞目,例句,又唸作,詞彙比較,名,姓"
thô,"詞目,例句,又唸作,詞彙比較,名,姓"
thông,名
thôo,"詞目,例句,又唸作,俗唸作,詞彙比較,名,姓,釋義"
thôr,詞彙比較
thùn,名
thú,"詞目,名,姓"
thún,"詞目,例句,名"
thû,"名,姓"
thûn,"詞目,例句,詞彙比較,名"
thā,又唸作
thāi,"詞目,例句,名"
thām,"詞目,例句,又唸作"
thāng,詞彙比較
thānn,"詞目,例句"
thāu,"詞目,例句,詞彙比較,名"
thē,"詞目,例句,詞彙比較,名,釋義"
thī,"詞目,名"
thīn,"詞目,例句,又唸作,詞彙比較,名"
thīnn,"詞目,例句,詞彙比較"
thō,名
thōng,"詞目,例句,名,釋義"
thūn,"詞目,例句,名"
thǎu,詞彙比較
thǐnn,詞彙比較
thǹg,"詞目,例句,又唸作,詞彙比較,名"
ti,"詞目,例句,又唸作,詞彙比較,名,姓,釋義"
tia,"詞目,例句,詞彙比較,名"
tiah,"詞目,例句,又唸作,名"
tiak,"又唸作,詞彙比較"
tiam,"詞目,例句,詞彙比較,名"
tian,"詞目,例句,詞彙比較,名,姓"
tiang,名
tiap,"詞目,例句,名"
tiat,"詞目,例句,名,姓"
tiau,"詞目,例句,又唸作,名,姓"
tia̍h,"詞目,例句,詞彙比較,名"
tia̍k,"詞目,例句,詞彙比較"
tia̍p,"詞目,例句,又唸作,詞彙比較,名"
tia̍t,"詞目,名"
tih,"詞目,例句,又唸作,名"
tik,"詞目,例句,又唸作,詞彙比較,名,姓"
tim,名
tin,"詞目,例句,又唸作,名,姓"
ting,"詞目,例句,又唸作,詞彙比較,名,姓,釋義"
tinn,"詞目,例句,又唸作,詞彙比較,名"
tioh,"詞目,例句"
tiok,"詞目,名,姓"
tiong,"詞目,例句,又唸作,詞彙比較,名,姓"
tionn,"名,姓"
tio̍h,"詞目,例句,又唸作,詞彙比較,名,釋義"
tio̍k,"詞目,例句,名"
tio̍rh,詞彙比較
tir,詞彙比較
tit,"詞目,例句,又唸作,詞彙比較,名,姓,釋義"
tiu,"詞目,例句,名"
tiuh,"詞目,例句"
tiunn,"詞目,例句,名,姓"
tiàm,"詞目,例句,又唸作,詞彙比較,名"
tiàng,名
tiànn,又唸作
tiàu,"詞目,例句,又唸作,詞彙比較,名"
tiám,"詞目,例句,又唸作,詞彙比較,名"
tián,"詞目,例句,又唸作,詞彙比較,名,姓"
tiáng,名
tiánn,"詞目,例句,詞彙比較,名,釋義"
tiáu,"詞目,例句,名"
tiâm,"詞目,又唸作,名"
tiân,"詞目,例句,又唸作,名,姓"
tiâng,"又唸作,詞彙比較,名"
tiânn,"詞目,例句,詞彙比較,名,姓"
tiâu,"詞目,例句,又唸作,詞彙比較,名,姓"
tiò,"詞目,例句,又唸作,詞彙比較,名"
tiòng,"詞目,例句,詞彙比較,名"
tiònn,名
tiòr,詞彙比較
tió,"名,姓"
tióng,"詞目,例句,又唸作,名"
tiónn,名
tiô,"詞目,例句,詞彙比較,名,姓"
tiông,"詞目,例句,又唸作,詞彙比較,名,姓"
tiônn,"詞彙比較,名"
tiù,"詞目,名,姓"
tiùnn,"詞目,例句,又唸作,詞彙比較,名"
tiú,"詞目,名"
tiúnn,"詞目,例句,又唸作,名"
tiû,"詞目,例句,名"
tiûnn,"詞目,例句,又唸作,詞彙比較,名,釋義"
tiā,"詞彙比較,名,姓"
tiām,"詞目,例句,名"
tiān,"詞目,例句,又唸作,詞彙比較,名,姓"
tiāng,"又唸作,名"
tiānn,"詞目,例句,詞彙比較,名,姓"
tiāu,"詞目,例句,又唸作,名,姓"
tiō,"詞目,例句,又唸作,詞彙比較,名,姓"
tiōng,"詞目,例句,名,姓"
tiōnn,"詞彙比較,名"
tiū,"詞目,例句,詞彙比較,名"
tiūnn,"詞目,例句,詞彙比較,名"
tiǔnn,詞彙比較
ti̍h,"詞目,例句,名"
ti̍k,"詞目,例句,又唸作,詞彙比較,名,姓"
ti̍nnh,又唸作
ti̍p,名
ti̍t,"詞目,例句,又唸作,俗唸作,詞彙比較,名,姓,釋義"
tng,"詞目,例句,又唸作,名"
tn̂g,"詞目,例句,又唸作,詞彙比較,名,姓,釋義"
tn̄g,"詞目,例句,又唸作,詞彙比較,名,釋義"
to,"詞目,例句,又唸作,合音唸作,詞彙比較,名,姓"
toh,"詞目,例句,又唸作,詞彙比較,名,姓,釋義"
tok,"詞目,例句,詞彙比較,名,姓,釋義"
tom,名
tong,"詞目,例句,又唸作,詞彙比較,名,姓,釋義"
too,"詞目,例句,名,姓"
tooh,"詞目,又唸作,詞彙比較"
tor,詞彙比較
torh,詞彙比較
to̍h,"詞目,例句,又唸作,名"
to̍k,"詞目,例句,又唸作,詞彙比較,名,姓"
tsa,"詞目,例句,又唸作,詞彙比較,名,姓"
tsah,"詞目,例句,又唸作,詞彙比較,名"
tsai,"詞目,例句,又唸作,詞彙比較,名,姓"
tsak,"詞目,例句"
tsam,"詞目,例句,詞彙比較,名"
tsan,"詞目,例句,名,姓"
tsang,"詞目,例句,詞彙比較,名"
tsap,"詞目,詞彙比較,名"
tsat,"詞目,例句,又唸作,詞彙比較,名,姓,釋義"
tsau,"詞目,例句,名,姓"
tsa̋,詞彙比較
tsa̋ng,"合音唸作,詞彙比較"
tsa̋u,"合音唸作,詞彙比較"
tsa̍h,"詞目,例句,又唸作,詞彙比較,名"
tsa̍k,"詞目,例句,詞彙比較,釋義"
tsa̍p,"詞目,例句,又唸作,詞彙比較,名,釋義"
tsa̍t,"詞目,例句,詞彙比較,名"
tse,"詞目,例句,詞彙比較,名,姓"
tseh,"詞目,例句,詞彙比較,名,姓,釋義"
tsenn,"詞目,例句,又唸作,名"
tser,詞彙比較
tsereh,詞彙比較
tserè,詞彙比較
tserē,詞彙比較
tse̍h,"詞目,例句,又唸作,詞彙比較,名"
tse̍rh,詞彙比較
tsha,"詞目,例句,詞彙比較,名"
tshah,"詞目,例句,又唸作,詞彙比較,名"
tshai,"詞目,例句,又唸作,詞彙比較,名"
tsham,"詞目,例句,又唸作,名"
tshan,"詞目,例句,又唸作,詞彙比較,名"
tshang,"詞目,例句,詞彙比較,名"
tshap,"詞目,例句,名"
tshat,"詞目,例句,又唸作,詞彙比較,名,姓"
tshau,"詞目,例句,詞彙比較,名,姓"
tsha̋u,合音唸作
tsha̍k,"詞目,例句,詞彙比較,名"
tsha̍p,"詞目,例句"
tsha̍t,"詞目,例句,詞彙比較,名"
tsha̍uh,"詞目,例句"
tshe,"詞目,例句,又唸作,詞彙比較,名,姓"
tsheh,"詞目,例句,詞彙比較,名,姓,釋義"
tshenn,"詞目,例句,又唸作,詞彙比較,名,姓,釋義"
tsher,詞彙比較
tsherè,詞彙比較
tshe̍h,詞彙比較
tshi,"詞目,例句,詞彙比較,名,姓"
tshia,"詞目,例句,又唸作,詞彙比較,名,釋義"
tshiah,"詞目,例句,詞彙比較,名,姓,釋義"
tshiam,"詞目,例句,又唸作,詞彙比較,名"
tshian,"詞目,例句,又唸作,詞彙比較,名,姓"
tshiang,"又唸作,名,姓"
tshiap,"詞目,例句,名"
tshiat,"詞目,例句,詞彙比較,名"
tshiau,"詞目,例句,又唸作,名,姓"
tshia̋n,詞目
tshia̍k,"詞目,例句"
tshie,詞彙比較
tshih,"詞目,例句"
tshik,"詞目,例句,又唸作,詞彙比較,名,姓"
tshim,"詞目,例句,又唸作,詞彙比較,名"
tshin,"詞目,例句,又唸作,詞彙比較,名"
tshing,"詞目,例句,又唸作,詞彙比較,名,姓"
tshinn,"詞目,例句,又唸作,詞彙比較,名,姓,釋義"
tshio,"詞目,例句,又唸作,詞彙比較"
tshioh,"詞目,例句,詞彙比較,名"
tshiok,"詞目,例句,又唸作,詞彙比較,名,姓"
tshiong,"詞目,例句,名,姓"
tshionn,名
tshior,詞彙比較
tshiorh,詞彙比較
tshio̍h,"詞目,例句,詞彙比較,名,姓"
tshio̍k,"詞目,例句"
tshio̍rh,詞彙比較
tship,"詞目,名,姓"
tshir,詞彙比較
tshit,"詞目,例句,又唸作,詞彙比較,名,姓,釋義"
tshiu,"詞目,例句,詞彙比較,名,姓"
tshiunn,"詞目,例句,名"
tshiàm,"又唸作,名"
tshiàn,"名,姓"
tshiàng,"詞目,例句,又唸作,名,姓"
tshiànn,"詞目,例句,詞彙比較,名"
tshiàu,"詞目,例句,名"
tshiá,名
tshiám,"詞目,例句,詞彙比較,名"
tshián,"詞目,例句,詞彙比較,名,姓"
tshiáng,"詞目,例句,名"
tshiánn,"詞目,例句,名,姓"
tshiáu,名
tshiâ,"詞目,例句,名"
tshiân,"詞目,例句,俗唸作,詞彙比較,名,姓"
tshiâng,"詞目,例句,又唸作,詞彙比較,名"
tshiânn,"詞目,例句,又唸作,姓"
tshiâu,"詞目,例句,又唸作,名"
tshiò,"詞目,例句,詞彙比較,名"
tshiòng,"詞目,名,姓"
tshiònn,名
tshiòr,詞彙比較
tshióng,"詞目,名,姓"
tshiónn,名
tshiô,名
tshiông,名
tshiônn,名
tshiù,名
tshiùnn,"詞目,例句,又唸作,詞彙比較,名,姓"
tshiú,"詞目,例句,又唸作,詞彙比較,名,釋義"
tshiúnn,"詞目,例句,又唸作,名"
tshiû,"詞目,例句,詞彙比較,名"
tshiûnn,"詞目,例句,名"
tshiā,詞彙比較
tshiāng,"詞目,例句,名"
tshiō,"詞目,例句,詞彙比較"
tshiōng,"詞彙比較,名"
tshiōnn,"詞彙比較,名"
tshiū,"詞目,例句,又唸作,詞彙比較,名,姓"
tshiūnn,"詞目,例句,又唸作,詞彙比較,名"
tshiǔ,詞彙比較
tshiǔnn,詞彙比較
tshi̍h,"詞目,例句,詞彙比較"
tshi̍k,"詞目,例句,詞彙比較,名"
tshng,"詞目,例句,又唸作,詞彙比較,名"
tshn̂g,"詞目,例句,又唸作,詞彙比較,名"
tshn̍gh,"詞目,例句"
tsho,"詞目,例句,詞彙比較,名"
tshoh,"詞目,例句"
tshok,"詞目,例句,名"
tshong,"詞目,例句,名,姓"
tshoo,"詞目,例句,又唸作,詞彙比較,名,釋義"
tshor,詞彙比較
tsho̍k,"詞目,名"
tshu,"詞目,例句,詞彙比較,名,姓"
tshua,名
tshuah,"詞目,例句,詞彙比較,名,釋義"
tshuan,"詞目,例句,又唸作,名,姓"
tshuann,"詞目,例句"
tshuat,"名,姓"
tshua̍h,"詞目,例句"
tshue,"詞目,例句,詞彙比較,名,姓,釋義"
tshueh,"詞目,名"
tshuh,"詞目,例句,詞彙比較"
tshui,"詞目,例句,又唸作,名,姓"
tshuinn,"詞彙比較,名"
tshun,"詞目,例句,又唸作,詞彙比較,名,姓"
tshut,"詞目,例句,又唸作,詞彙比較,名,姓,釋義"
tshuà,"詞目,名,姓"
tshuàn,"詞目,例句,名,姓"
tshuàng,"詞目,名,姓"
tshuànn,"詞目,例句,名"
tshuán,"詞目,例句,又唸作,詞彙比較,名"
tshuân,"詞目,例句,名"
tshuè,"詞目,詞彙比較,名"
tshué,"詞目,例句,名"
tshuê,"詞目,例句,名"
tshuì,"詞目,例句,又唸作,詞彙比較,名,姓,釋義"
tshuìnn,名
tshuí,"詞目,名,姓"
tshuā,"詞目,例句,又唸作,詞彙比較,名,釋義"
tshuānn,名
tshuē,"詞目,例句,詞彙比較"
tshuǎ,詞彙比較
tshà,"名,姓"
tshài,"詞目,例句,又唸作,詞彙比較,名,釋義"
tshàm,"詞目,例句,名"
tshàn,"詞目,名"
tshàng,"詞目,例句,詞彙比較"
tshànn,例句
tshàu,"詞目,例句,又唸作,詞彙比較,名"
tshá,"詞目,例句,名"
tshái,"詞目,例句,又唸作,俗唸作,名"
tsháinn,詞彙比較
tshám,"詞目,例句,又唸作,名"
tshán,"詞彙比較,名"
tsháng,"詞目,例句,又唸作"
tsháu,"詞目,例句,又唸作,詞彙比較,名,姓,釋義"
tshâ,"詞目,例句,詞彙比較,名,姓"
tshâi,"詞目,例句,又唸作,詞彙比較,名"
tshâm,"詞目,詞彙比較,名"
tshân,"詞目,例句,又唸作,詞彙比較,名,姓"
tshâu,詞目
tshè,"詞目,例句,詞彙比較,名,釋義"
tshènn,"詞目,例句,又唸作,詞彙比較,名"
tshé,"詞目,例句,又唸作,名,釋義"
tshénn,"詞目,例句,又唸作,名"
tshê,"詞目,例句,詞彙比較,名"
tshêr,詞彙比較
tshì,"詞目,例句,又唸作,詞彙比較,名,姓,釋義"
tshìm,"詞彙比較,名"
tshìn,"詞目,例句,又唸作,詞彙比較,名"
tshìng,"詞目,例句,詞彙比較,名"
tshìnn,"詞目,又唸作,詞彙比較,名"
tshí,"詞目,例句,又唸作,詞彙比較,名,姓"
tshím,"詞目,例句,詞彙比較,名"
tshín,名
tshíng,"詞目,例句,又唸作,詞彙比較,名"
tshínn,"詞目,又唸作,詞彙比較,名"
tshír,詞彙比較
tshî,"詞目,例句,又唸作,名,姓"
tshîm,詞目
tshîng,"詞目,例句,詞彙比較,名"
tshînn,"詞目,例句,名"
tshò,"詞目,例句,又唸作,詞彙比較,名"
tshòng,"詞目,例句,名"
tshòo,"詞目,例句,名,姓"
tshòr,詞彙比較
tshó,"詞目,例句,詞彙比較,名,姓"
tshóng,"詞目,例句"
tshóo,"詞目,例句,又唸作,名,姓"
tshór,詞彙比較
tshông,"詞目,名"
tshù,"詞目,例句,俗唸作,詞彙比較,名,姓"
tshùn,"詞目,例句,名,姓"
tshú,"詞目,例句,又唸作,詞彙比較,名,姓"
tshún,"詞目,名"
tshû,"詞目,名"
tshûn,"詞目,例句,又唸作,名"
tshā,詞目
tshāi,"詞目,例句,名"
tshānn,"詞目,例句"
tshē,"詞目,例句,又唸作,詞彙比較,名"
tshēr,詞彙比較
tshī,"詞目,例句,又唸作,詞彙比較,名,釋義"
tshīng,"詞目,例句,詞彙比較,名"
tshńg,"詞目,例句,名"
tshū,"詞目,例句,詞彙比較,名"
tshūn,又唸作
tshǐ,詞彙比較
tshǐng,詞彙比較
tshǔ,詞彙比較
tshǹg,"詞目,例句,又唸作,詞彙比較,名"
tsi,"詞目,例句,又唸作,詞彙比較,名,姓"
tsia,"詞目,例句,詞彙比較,名,姓,釋義"
tsiah,"詞目,例句,又唸作,詞彙比較,名,釋義"
tsiak,"詞彙比較,名,姓"
tsiam,"詞目,例句,又唸作,詞彙比較,名,姓"
tsian,"詞目,例句,詞彙比較,名,姓"
tsiang,"詞目,例句,名,姓"
tsiann,"詞目,例句,又唸作,詞彙比較,名"
tsiap,"詞目,例句,又唸作,俗唸作,詞彙比較,名"
tsiat,"詞目,例句,又唸作,名,姓"
tsiau,"詞目,例句,又唸作,詞彙比較,名,姓,釋義"
tsia̍h,"詞目,例句,又唸作,詞彙比較,名,釋義"
tsia̍p,"詞目,例句,名"
tsia̍t,"詞目,例句,名"
tsih,"詞目,例句,又唸作,名,姓"
tsik,"詞目,例句,又唸作,詞彙比較,名,姓"
tsim,"詞目,例句,詞彙比較,名"
tsin,"詞目,例句,詞彙比較,名,姓,釋義"
tsing,"詞目,例句,又唸作,詞彙比較,名,姓"
tsinn,"詞目,例句,又唸作,名"
tsio,"詞目,例句,詞彙比較,名,姓"
tsioh,"詞目,例句,又唸作,名"
tsiok,"詞目,例句,詞彙比較,名,姓"
tsiong,"詞目,例句,又唸作,詞彙比較,名,姓"
tsionn,"詞彙比較,名,姓"
tsioo,詞目
tsior,詞彙比較
tsio̍h,"詞目,例句,又唸作,詞彙比較,名,姓,釋義"
tsio̍rh,詞彙比較
tsip,"詞目,例句,詞彙比較,名"
tsir,詞彙比較
tsirh,又唸作
tsit,"詞目,例句,又唸作,詞彙比較,名,姓"
tsiu,"詞目,例句,又唸作,詞彙比較,名,姓"
tsiuh,"詞目,例句"
tsiunn,"詞目,例句,又唸作,詞彙比較,名,姓"
tsià,"詞目,例句,詞彙比較,名,姓"
tsiàm,"詞目,例句,又唸作,名,姓"
tsiàn,"詞目,例句,又唸作,俗唸作,名,姓"
tsiàng,"詞目,又唸作,詞彙比較,名"
tsiànn,"詞目,例句,又唸作,詞彙比較,名,姓"
tsiàu,"詞目,例句,又唸作,名"
tsiá,"詞目,例句,詞彙比較,名,姓,釋義"
tsiám,又唸作
tsián,"詞目,例句,詞彙比較,名,姓"
tsiáng,"詞目,例句,又唸作,名,姓"
tsiánn,"詞目,例句"
tsiáu,"詞目,例句,又唸作,詞彙比較,名,釋義"
tsiâ,詞彙比較
tsiâm,"詞目,名,姓"
tsiân,"詞目,例句,又唸作,名"
tsiânn,"詞目,例句,又唸作,詞彙比較,名,釋義"
tsiâu,"詞目,例句,又唸作,名,姓"
tsié,詞彙比較
tsiò,"詞目,例句,又唸作,詞彙比較,名"
tsiòng,"詞目,例句,又唸作,名"
tsiònn,"詞彙比較,名"
tsiòr,詞彙比較
tsió,"詞目,例句,詞彙比較,名"
tsióng,"詞目,例句,又唸作,俗唸作,名,姓"
tsiónn,"名,姓"
tsiór,詞彙比較
tsiô,詞彙比較
tsiông,"詞目,例句,名,姓"
tsiù,"詞目,例句,詞彙比較,名"
tsiùnn,"詞目,例句,詞彙比較,名"
tsiú,"詞目,例句,又唸作,詞彙比較,名,姓"
tsiúnn,"詞目,例句,又唸作,名,姓"
tsiû,名
tsiā,"詞目,詞彙比較,名,姓,釋義"
tsiām,"詞目,例句,名"
tsiān,"詞目,例句,名"
tsiāng,詞彙比較
tsiānn,"詞目,例句"
tsiāu,名
tsiō,詞彙比較
tsiōng,"詞目,例句"
tsiōnn,"詞彙比較,名,姓"
tsiū,"詞目,例句,又唸作,名"
tsiūnn,"詞目,例句,又唸作,詞彙比較,名,姓"
tsi̍h,"詞目,例句,詞彙比較,名,姓"
tsi̍k,"詞目,名,姓"
tsi̍p,"詞目,例句,又唸作,名"
tsi̍t,"詞目,例句,又唸作,俗唸作,詞彙比較,名,姓,釋義"
tsng,"詞目,例句,又唸作,詞彙比較,名,姓"
tsn̂g,"詞目,例句,又唸作,名,姓"
tsn̄g,"詞目,例句,又唸作,詞彙比較,名,釋義"
tso,"詞目,例句,名"
tsoh,"詞目,例句,又唸作,俗唸作,詞彙比較,名"
tsok,"詞目,例句,詞彙比較,名,姓,釋義"
tsong,"詞目,例句,又唸作,名,姓"
tsoo,"詞目,例句,又唸作,詞彙比較,名,姓"
tsorh,詞彙比較
tso̍h,"詞目,例句,詞彙比較"
tso̍k,"詞目,例句,名"
tso̍rh,詞彙比較
tsu,"詞目,例句,又唸作,詞彙比較,名,姓,釋義"
tsuah,"詞目,例句"
tsuan,"詞目,例句,又唸作,名,姓,釋義"
tsuann,"詞目,例句,詞彙比較,名"
tsuat,"詞目,例句,名"
tsua̋n,合音唸作
tsua̍h,"詞目,例句,詞彙比較"
tsua̍t,"詞目,例句,又唸作,詞彙比較,名"
tsueh,"詞目,詞彙比較,名,姓"
tsue̍h,"詞目,詞彙比較"
tsuh,"詞目,例句"
tsui,"詞目,例句,名,姓"
tsuinn,"詞彙比較,名"
tsun,"詞目,例句,詞彙比較,名,姓"
tsut,"詞目,例句,名"
tsuàn,"詞目,名"
tsuànn,"詞目,例句,詞彙比較"
tsuá,"詞目,例句,又唸作,詞彙比較,名,釋義"
tsuán,"詞目,例句,又唸作,詞彙比較,名"
tsuánn,"詞目,例句,名"
tsuâ,"詞目,例句,詞彙比較,名,釋義"
tsuâi,名
tsuân,"詞目,例句,又唸作,名"
tsuânn,"詞目,例句,名,姓"
tsuè,"詞目,例句,又唸作,詞彙比較,名"
tsuê,"詞目,名"
tsuì,"詞目,例句,名"
tsuìnn,"詞彙比較,名"
tsuí,"詞目,例句,又唸作,詞彙比較,名,姓,釋義"
tsuínn,詞彙比較
tsuî,"詞目,例句,詞彙比較,名"
tsuînn,"名,姓"
tsuā,"詞目,例句,詞彙比較,名"
tsuāinn,"詞目,例句"
tsuān,"詞目,例句,詞彙比較,名"
tsuānn,"詞目,例句"
tsuē,"詞目,例句,又唸作,詞彙比較,名,姓"
tsuě,詞彙比較
tsuī,"詞目,又唸作,名"
tsuīnn,詞彙比較
tsuǎ,詞彙比較
tsuǎn,詞彙比較
tsu̍t,"詞目,例句,詞彙比較,名,姓"
tsà,"詞目,例句,又唸作,名"
tsài,"詞目,例句,又唸作,名,姓"
tsàm,"詞目,例句,名"
tsàn,"詞目,例句,又唸作,詞彙比較,名"
tsàng,"詞目,例句,詞彙比較,名"
tsànn,"詞目,例句"
tsàu,"詞目,例句,詞彙比較,名"
tsá,"詞目,例句,又唸作,詞彙比較,名"
tsái,"詞目,例句,又唸作,合音唸作,俗唸作,詞彙比較,名"
tsáinn,"詞目,例句,又唸作,詞彙比較,名,姓"
tsám,"詞目,例句,名,姓"
tsán,"詞目,例句,詞彙比較,名"
tsáng,"詞目,例句,名,姓"
tsánn,"詞目,例句,名"
tsáu,"詞目,例句,又唸作,詞彙比較,名,釋義"
tsâi,"詞目,例句,又唸作,詞彙比較,名,姓"
tsâinn,"詞彙比較,名"
tsân,"詞目,例句,詞彙比較,名"
tsâng,"詞目,例句,詞彙比較,名,姓"
tsâu,"詞目,例句,名,姓"
tsè,"詞目,例句,又唸作,詞彙比較,名,姓"
tsènn,"詞目,例句,詞彙比較,名"
tsèr,詞彙比較
tsé,"詞目,例句,又唸作,詞彙比較,名,姓"
tsénn,"詞目,例句,又唸作,詞彙比較,名,姓"
tsê,"詞目,例句,合音唸作,詞彙比較,名,姓,釋義"
tsênn,"詞目,名,姓"
tsì,"詞目,例句,又唸作,詞彙比較,名,姓"
tsìm,"詞目,例句,名"
tsìn,"詞目,例句,又唸作,詞彙比較,名,姓"
tsìng,"詞目,例句,又唸作,俗唸作,詞彙比較,名,姓"
tsìnn,"詞目,例句,詞彙比較,名"
tsí,"詞目,例句,又唸作,詞彙比較,名,姓,釋義"
tsím,"詞目,例句,又唸作,詞彙比較,名"
tsín,"詞目,例句,詞彙比較,名,姓"
tsíng,"詞目,例句,又唸作,俗唸作,詞彙比較,名,姓"
tsínn,"詞目,例句,又唸作,詞彙比較,名,姓"
tsír,詞彙比較
tsî,"詞目,例句,詞彙比較,名"
tsîm,"詞目,例句,名,姓"
tsîn,"詞目,例句,名,姓"
tsîng,"詞目,例句,又唸作,詞彙比較,名,姓"
tsînn,"詞目,例句,又唸作,詞彙比較,名,姓,釋義"
tsîr,詞彙比較
tsò,"詞目,例句,又唸作,詞彙比較,名,姓,釋義"
tsòng,"詞目,例句,詞彙比較,名,姓"
tsòo,名
tsòr,詞彙比較
tsó,"詞目,例句,詞彙比較,名,姓"
tsóng,"詞目,例句,又唸作,詞彙比較,名,姓"
tsóo,"詞目,例句,又唸作,詞彙比較,名,姓"
tsór,詞彙比較
tsô,"詞目,例句,詞彙比較,名,姓"
tsông,"詞目,例句,名,姓"
tsôo,"名,姓"
tsôr,詞彙比較
tsù,"詞目,例句,詞彙比較,名"
tsùn,"詞目,例句,名,姓"
tsú,"詞目,例句,又唸作,詞彙比較,名,姓,釋義"
tsún,"詞目,例句,又唸作,詞彙比較,名"
tsû,"詞目,例句,詞彙比較,名,姓,釋義"
tsûn,"詞目,例句,又唸作,詞彙比較,名,姓"
tsā,名
tsāi,"詞目,例句,又唸作,詞彙比較,名"
tsām,"詞目,例句,又唸作,詞彙比較,名"
tsān,"詞目,例句,名,姓"
tsānn,"詞目,例句,名"
tsāu,"詞目,例句,詞彙比較,名"
tsē,"詞目,例句,又唸作,詞彙比較,名,姓"
tsēnn,"詞目,例句,名,姓"
tsēr,詞彙比較
tsěr,詞彙比較
tsī,"詞目,例句,又唸作,詞彙比較,名,姓,釋義"
tsīn,"詞目,例句,名"
tsīng,"詞目,例句,又唸作,名,姓"
tsīnn,"詞目,例句,詞彙比較,名,姓"
tsīr,詞彙比較
tsńg,"又唸作,詞彙比較"
tsňg,詞彙比較
tsō,"詞目,例句,詞彙比較,名"
tsōng,"詞目,例句,名"
tsōo,"詞目,例句,詞彙比較,名"
tsőo,詞彙比較
tsū,"詞目,例句,又唸作,詞彙比較,名,姓"
tsūn,"詞目,例句,又唸作,詞彙比較,名,姓,釋義"
tsű,詞彙比較
tsűn,詞彙比較
tsǎi,詞彙比較
tsǎm,詞彙比較
tsǎu,詞彙比較
tsǐnn,詞彙比較
tsǐr,詞彙比較
tsǔn,詞彙比較
tsǹg,"詞目,例句,詞彙比較,名"
tu,"詞目,例句,又唸作,詞彙比較,名,姓"
tuah,"詞目,例句,名"
tuan,"詞目,例句,名,姓"
tuann,"詞目,例句,又唸作,詞彙比較,名,姓"
tuat,"詞目,名,姓"
tua̍h,詞目
tua̍t,"詞目,例句,又唸作,名"
tueh,"合音唸作,詞彙比較"
tuh,"詞目,例句,詞彙比較"
tui,"詞目,例句,名,姓"
tun,"詞目,例句,名,姓"
tut,名
tuà,"詞目,例句,又唸作,詞彙比較,名,釋義"
tuàn,"詞目,例句,又唸作,名"
tuànn,"詞目,例句,名,姓"
tuán,"詞目,例句,名"
tuâ,詞目
tuân,名
tuânn,"詞目,例句,名"
tuè,"詞目,例句,詞彙比較,名"
tué,"詞目,又唸作,詞彙比較,名,姓"
tuê,"詞目,例句,又唸作,詞彙比較,名"
tuì,"詞目,例句,又唸作,俗唸作,詞彙比較,名,姓"
tuìnn,"名,姓"
tuí,名
tuínn,名
tuî,"詞目,例句,詞彙比較,名"
tuā,"詞目,例句,又唸作,詞彙比較,名,姓,釋義"
tuān,"詞目,例句,又唸作,詞彙比較,名,姓"
tuānn,"詞目,例句,又唸作,詞彙比較,名"
tuē,"詞目,例句,又唸作,合音唸作,詞彙比較,名,姓"
tuī,"詞目,例句,又唸作,俗唸作,詞彙比較,名,姓"
tuīnn,"詞彙比較,名"
tuǎ,詞彙比較
tuǎnn,詞彙比較
tuǐ,詞彙比較
tu̍h,"詞目,例句,詞彙比較,名"
tu̍t,"詞目,例句,名"
tà,"詞目,例句,詞彙比較,名"
tài,"詞目,例句,又唸作,名"
tàm,"詞目,例句,又唸作,詞彙比較,名"
tàn,"詞目,例句,名,姓"
tàng,"詞目,例句,詞彙比較,名,姓"
tànn,"詞目,例句,詞彙比較,名"
tàu,"詞目,例句,又唸作,詞彙比較,名,姓"
tá,"詞目,例句,又唸作,詞彙比較"
tái,"詞目,例句,又唸作,詞彙比較,名"
táinn,"詞目,例句,名"
tám,"詞目,例句,名"
tán,"詞目,例句,詞彙比較,名"
táng,"詞目,例句,詞彙比較,名,姓"
tánn,"詞目,例句,又唸作,名,姓"
táu,"詞目,例句,又唸作,詞彙比較,名,姓"
tâ,又唸作
tâi,"詞目,例句,又唸作,詞彙比較,名,姓"
tâm,"詞目,例句,又唸作,名,姓"
tân,"詞目,例句,又唸作,詞彙比較,名,姓"
tâng,"詞目,例句,又唸作,詞彙比較,名,姓,釋義"
tânn,"詞目,例句"
tâu,"詞目,例句,又唸作,詞彙比較,名"
tè,"詞目,例句,又唸作,詞彙比較,名,姓"
tènn,"詞目,例句,名"
tèr,詞彙比較
té,"詞目,例句,又唸作,詞彙比較,名,姓,釋義"
tê,"詞目,例句,又唸作,詞彙比較,名,姓,釋義"
tì,"詞目,例句,又唸作,詞彙比較,名,姓"
tìm,"詞目,例句,又唸作,詞彙比較"
tìn,"詞目,例句,又唸作,名,姓"
tìng,"詞目,例句,名,姓"
tìnn,"詞目,名"
tí,"詞目,例句,名,姓"
tín,"詞目,例句,詞彙比較,名,姓"
tíng,"詞目,例句,又唸作,詞彙比較,名,姓,釋義"
tî,"詞目,例句,又唸作,詞彙比較,名,姓"
tîm,"詞目,例句,名"
tîn,"詞目,例句,又唸作,名,姓"
tîng,"詞目,例句,又唸作,詞彙比較,名,姓"
tînn,"詞目,例句,又唸作,名"
tò,"詞目,例句,詞彙比較,名,釋義"
tòng,"詞目,例句,又唸作,詞彙比較,名,姓,釋義"
tòo,"詞目,例句,詞彙比較,名"
tòr,詞彙比較
tó,"詞目,例句,又唸作,詞彙比較,名,姓"
tóng,"詞目,例句,又唸作,名,姓"
tóo,"詞目,例句,又唸作,詞彙比較,名,姓"
tór,詞彙比較
tô,"詞目,例句,又唸作,俗唸作,詞彙比較,名,姓"
tôm,"詞目,例句"
tông,"詞目,例句,又唸作,詞彙比較,名,姓"
tôo,"詞目,例句,又唸作,詞彙比較,名,姓"
tôr,詞彙比較
tù,"詞目,例句,名"
tùn,"詞目,例句,又唸作,名"
tú,"詞目,例句,又唸作,名,釋義"
tún,"詞目,例句,名"
tû,"詞目,例句,又唸作,詞彙比較,名,姓"
tûn,"詞目,例句,名"
tā,"詞目,詞彙比較,名"
tāi,"詞目,例句,又唸作,詞彙比較,名,姓"
tāinn,"詞彙比較,姓"
tām,"詞目,例句,又唸作,名,姓"
tān,"詞目,例句,詞彙比較,名,姓"
tāng,"詞目,例句,詞彙比較,名"
tānn,"詞目,名"
tāu,"詞目,例句,又唸作,詞彙比較,名,姓"
tē,"詞目,例句,又唸作,詞彙比較,名,姓"
tēnn,"詞目,例句,名,姓"
tēr,詞彙比較
tě,詞彙比較
tī,"詞目,例句,又唸作,詞彙比較,名,姓,釋義"
tīm,"詞目,例句,名"
tīn,"詞目,例句,又唸作,詞彙比較,名,姓,釋義"
tīng,"詞目,例句,又唸作,詞彙比較,名,姓"
tīnn,"詞目,例句,詞彙比較,名,姓"
tńg,"詞目,例句,又唸作,詞彙比較,名"
tňg,詞彙比較
tō,"詞目,例句,詞彙比較,名,姓,釋義"
tōng,"詞目,例句,又唸作,詞彙比較,名,釋義"
tōo,"詞目,例句,又唸作,詞彙比較,名,姓,釋義"
tū,"詞目,例句,又唸作,詞彙比較,名"
tūa,又唸作
tūn,"詞目,例句,又唸作,名"
tǎi,詞彙比較
tǎng,詞彙比較
tǎu,詞彙比較
tǐ,詞彙比較
tǐn,詞彙比較
tǐng,詞彙比較
tǐnn,詞彙比較
tǒng,詞彙比較
tǒo,詞彙比較
tǹg,"詞目,例句,又唸作,俗唸作,名,姓"
u,"詞目,例句,詞彙比較,名,姓"
ua,"詞目,詞彙比較,名,姓,釋義"
uai,"詞目,例句,詞彙比較,名"
uaih,又唸作
uainn,"詞目,例句"
uainnh,"詞目,例句,詞彙比較"
uan,"詞目,例句,詞彙比較,名"
uang,"詞目,例句,名"
uann,"詞目,例句,名,姓"
uat,"詞目,例句,名"
ua̋i,詞目
ua̋k,詞彙比較
ua̍h,"詞目,例句,又唸作,名"
ua̍t,"詞目,例句,又唸作,名,姓"
ue,"詞目,例句,又唸作,詞彙比較,名,釋義"
ueh,"詞目,例句,又唸作"
ue̍h,"詞目,例句,名"
uh,"詞目,詞彙比較"
ui,"詞目,例句,又唸作,詞彙比較,名,姓"
uih,詞彙比較
uinn,詞彙比較
ui̍h,"詞目,名"
un,"詞目,例句,又唸作,詞彙比較,名,姓"
ut,"詞目,例句,又唸作,詞彙比較,名,姓"
uàn,"詞目,例句,名"
uànn,"詞目,例句,又唸作,名"
uá,"詞目,例句,詞彙比較,名,姓,釋義"
uáinn,"詞目,例句,詞彙比較,名,釋義"
uán,"詞目,例句,又唸作,詞彙比較,名,姓"
uánn,"詞目,例句,詞彙比較,名,釋義"
uâ,"詞目,例句,名"
uân,"詞目,例句,又唸作,詞彙比較,名,姓,釋義"
uè,"詞目,例句,詞彙比較,名"
ué,"詞目,名"
uê,"詞目,例句,詞彙比較,名"
uì,"詞目,例句,又唸作,俗唸作,詞彙比較,名,姓"
uí,"詞目,例句,又唸作,名,姓"
uínn,"詞彙比較,名,姓"
uî,"詞目,例句,又唸作,俗唸作,詞彙比較,名,姓"
uînn,"詞彙比較,名,姓"
uā,"詞目,例句,名"
uāi,名
uāinn,又唸作
uān,"詞目,例句,又唸作,名,姓"
uānn,"詞目,例句,詞彙比較,名,姓"
uē,"詞目,例句,又唸作,詞彙比較,名,姓,釋義"
uě,詞彙比較
uī,"詞目,例句,又唸作,詞彙比較,名,姓,釋義"
uīnn,名
u̍t,"詞目,例句,名"
xx,詞彙比較
à,"詞目,名,姓"
ài,"詞目,例句,又唸作,詞彙比較,名,姓,釋義"
àm,"詞目,例句,又唸作,合音唸作,詞彙比較,名,姓"
àn,"詞目,例句,又唸作,名,姓"
àng,"詞目,例句,又唸作,名,姓"
ànn,"詞目,例句,姓"
àu,"詞目,例句,又唸作,名"
á,"詞目,例句,又唸作,合音唸作,俗唸作,詞彙比較,名,釋義"
ái,"詞目,名,姓"
ám,"詞目,例句,又唸作,詞彙比較,名,姓"
án,"詞目,例句,又唸作,詞彙比較"
áng,"詞目,例句,名"
áu,"詞目,例句,名,姓"
áunn,又唸作
â,詞彙比較
âinn,名
âm,"詞目,例句,詞彙比較,名,姓"
ân,"詞目,例句,合音唸作,名"
âng,"詞目,例句,又唸作,詞彙比較,名,姓,釋義"
ânn,"詞目,例句"
âu,"詞目,例句,詞彙比較,名"
è,"詞目,詞彙比較,名,姓"
èr,詞彙比較
é,"詞目,例句,詞彙比較,名"
énn,詞彙比較
ê,"詞目,例句,又唸作,詞彙比較,名,釋義"
ênn,"詞目,例句,詞彙比較,釋義"
êr,詞彙比較
ì,"詞目,例句,又唸作,名,姓"
ìm,"詞目,例句,詞彙比較,名"
ìn,"詞目,例句,俗唸作,名,姓"
ìng,"詞目,例句,又唸作,詞彙比較,名,姓"
ìnn,"詞目,例句,又唸作,詞彙比較,名"
ìr,詞彙比較
í,"詞目,例句,又唸作,詞彙比較,名,姓"
ím,"詞目,例句,詞彙比較,名"
ín,"詞目,例句,又唸作,名,姓"
íng,"詞目,例句,又唸作,詞彙比較,名,姓"
ínn,"詞目,例句,又唸作"
î,"詞目,例句,又唸作,詞彙比較,名,姓"
îm,"詞目,名"
în,"詞目,例句,名,姓,釋義"
îng,"詞目,例句,又唸作,詞彙比較,名,姓"
înn,"詞目,例句,又唸作,詞彙比較,名"
ò,"詞目,例句,又唸作,詞彙比較,名,姓"
òng,"名,姓"
ònn,"詞目,例句,又唸作,詞彙比較"
òo,"詞目,詞彙比較,名"
òr,詞彙比較
ó,"名,姓"
óng,"詞目,例句,詞彙比較,名,姓"
ónn,詞彙比較
óo,"詞目,例句,名"
ô,"詞目,例句,詞彙比較"
ông,"詞目,例句,又唸作,名,姓"
ôo,"詞目,例句,又唸作,詞彙比較,名,姓"
ôr,詞彙比較
ù,"詞目,例句,名"
ùn,"詞目,例句,名"
ú,"詞目,例句,俗唸作,詞彙比較,名,姓"
ún,"詞目,例句,又唸作,詞彙比較,名,姓"
û,"詞目,俗唸作,詞彙比較,名,姓"
ûn,"詞目,例句,又唸作,詞彙比較,名,姓"
ā,又唸作
āinn,"詞目,例句,詞彙比較"
ām,"詞目,例句,又唸作,詞彙比較,名"
ān,"詞目,例句,又唸作,名"
āng,詞彙比較
ānn,"詞目,例句,名"
āu,"詞目,例句,又唸作,合音唸作,詞彙比較,名,姓,釋義"
ē,"詞目,例句,又唸作,詞彙比較,名,釋義"
ēnn,又唸作
ě,詞彙比較
ī,"詞目,例句,詞彙比較,名"
īn,"詞目,名"
īng,"詞目,例句,又唸作,詞彙比較,名,釋義"
īnn,"詞目,例句,又唸作,詞彙比較,名,姓"
ńg,"詞目,例句,詞彙比較,名,姓"
ōe,釋義
ōm,"詞目,例句"
ōng,"詞目,例句,名,姓"
ōnn,詞彙比較
ōo,"詞目,例句,詞彙比較,名,釋義"
ū,"詞目,例句,又唸作,詞彙比較,名,姓,釋義"
ūn,"詞目,例句,名,姓"
ǎm,詞彙比較
ǎu,詞彙比較
ǐ,詞彙比較
ǐng,詞彙比較
ǐnn,詞彙比較
ǒo,詞彙比較
ǔ,詞彙比較
ǹg,"詞目,例句,名"
ḿ,"詞目,例句,詞彙比較,名"
け,詞彙比較
じ,詞彙比較
ゃ,詞彙比較
ん,詞彙比較
下,又唸作
中,"又唸作,詞彙比較"
二,又唸作
仔,又唸作
俗,詞目
八,又唸作
公,又唸作
冬,又唸作
分,又唸作
十,又唸作
園,又唸作
坑,又唸作
墘,又唸作
壁,又唸作
大,"又唸作,詞彙比較"
央,又唸作
婆,詞彙比較
媽,又唸作
孔,詞彙比較
寮,又唸作
小,詞彙比較
屯,又唸作
山,又唸作
崁,又唸作
嵙,又唸作
干,又唸作
後,又唸作
文,詞目
新,又唸作
明,又唸作
書,詞彙比較
有,詞彙比較
林,又唸作
棚,又唸作
楠,又唸作
樹,又唸作
水,又唸作
海,又唸作
淡,又唸作
溪,又唸作
潭,又唸作
濁,又唸作
王,又唸作
瓜,又唸作
生,又唸作
產,詞彙比較
田,又唸作
白,詞目
稱,詞彙比較
站,又唸作
背,詞彙比較
舊,又唸作
舺,又唸作
艋,又唸作
草,又唸作
菜,又唸作
語,詞彙比較
豆,又唸作
跤,又唸作
間,詞彙比較
陽,又唸作
青,又唸作
面,詞彙比較
館,又唸作
鹹,又唸作
